"vacina_dataaplicacao","paciente_endereco_nmmunicipio","_col2"
"2021-09-20","NITEROI","6203"
"2021-06-02","NITEROI","5748"
"2021-09-02","JUNDIAI","2876"
"2021-06-17","ACAILANDIA","2735"
"2021-06-21","JUNDIAI","514"
"2021-05-04","FEIRA DE SANTANA","1480"
"2021-04-27","SANTA MARIA","5017"
"2021-04-06","JUNDIAI","650"
"2021-01-22","RIBEIRAO PRETO","575"
"2021-07-05","SANTA LUZIA","894"
"2021-02-09","MARINGA","806"
"2021-03-28","JUNDIAI","16"
"2021-05-09","NITEROI","25"
"2021-05-10","MARINGA","157"
"2021-08-01","SANTA LUZIA","13"
"2021-05-22","NITEROI","1241"
"2021-08-18","SANTA MARIA","4475"
"2021-06-09","ACAILANDIA","471"
"2021-07-05","MARINGA","2886"
"2021-06-28","JUNDIAI","600"
"2021-04-30","JUNDIAI","1279"
"2021-02-03","SANTA LUZIA","235"
"2021-03-02","RIBEIRAO PRETO","1290"
"2021-09-01","RIBEIRAO PRETO","11859"
"2021-02-28","NITEROI","114"
"2021-04-02","SANTA MARIA","81"
"2021-03-27","PETROLINA","1120"
"2021-06-03","SANTA MARIA","49"
"2021-08-09","ACAILANDIA","185"
"2021-09-06","JUNDIAI","191"
"2021-03-28","DIVINOPOLIS","4"
"2021-06-20","RIBEIRAO PRETO","25"
"2021-10-01","JUNDIAI","7"
"2021-09-16","FEIRA DE SANTANA","141"
"2021-10-06","MARINGA","5"
"2021-03-07","RIBEIRAO PRETO","9"
"2021-08-29","DIVINOPOLIS","5"
"2021-07-12","NITEROI","9531"
"2021-10-13","NITEROI","3314"
"2021-03-05","MARINGA","934"
"2021-06-23","JUNDIAI","2406"
"2021-08-10","SANTA LUZIA","1059"
"2021-08-02","RIBEIRAO PRETO","2148"
"2021-04-23","JUNDIAI","1200"
"2021-01-22","JUNDIAI","518"
"2021-05-25","RIBEIRAO PRETO","1859"
"2021-03-26","JUNDIAI","877"
"2021-08-09","SANTA LUZIA","1006"
"2021-06-25","SANTA MARIA","190"
"2021-04-15","SANTA MARIA","1106"
"2021-05-10","FEIRA DE SANTANA","827"
"2021-04-01","PETROLINA","35"
"2021-04-07","ACAILANDIA","264"
"2021-08-16","MARINGA","3436"
"2021-08-21","JUNDIAI","4935"
"2021-08-30","JUNDIAI","1879"
"2021-03-14","PETROLINA","74"
"2021-03-28","RIBEIRAO PRETO","22"
"2021-09-20","DIVINOPOLIS","574"
"2021-09-07","RIBEIRAO PRETO","58"
"2020-03-23","SANTA LUZIA","2"
"2021-02-10","NITEROI","1745"
"2021-02-15","MARINGA","352"
"2021-07-22","RIBEIRAO PRETO","2950"
"2021-07-24","FEIRA DE SANTANA","168"
"2021-08-10","MARINGA","2849"
"2021-05-05","RIBEIRAO PRETO","3462"
"2021-04-28","MARINGA","419"
"2021-04-09","ACAILANDIA","370"
"2021-06-18","PETROLINA","1144"
"2021-03-02","JUNDIAI","396"
"2021-08-11","SANTA LUZIA","923"
"2021-04-12","SANTA MARIA","569"
"2021-06-25","SANTA LUZIA","305"
"2021-08-12","ACAILANDIA","306"
"2021-06-11","DIVINOPOLIS","557"
"2021-03-22","DIVINOPOLIS","285"
"2021-05-29","SANTA LUZIA","50"
"2021-08-31","ACAILANDIA","302"
"2021-08-16","JUNDIAI","3461"
"2021-08-29","PETROLINA","662"
"2021-03-07","JUNDIAI","13"
"2021-06-28","SANTA LUZIA","456"
"2021-01-30","SANTA LUZIA","13"
"2020-03-23","JUNDIAI","11"
"2021-08-29","SANTA LUZIA","44"
"2021-08-02","NITEROI","7779"
"2021-06-11","SANTA MARIA","2519"
"2021-04-06","FEIRA DE SANTANA","1194"
"2021-06-16","JUNDIAI","1006"
"2021-05-31","DIVINOPOLIS","425"
"2021-03-26","RIBEIRAO PRETO","2584"
"2021-04-10","PETROLINA","440"
"2021-09-03","SANTA MARIA","4781"
"2021-03-09","RIBEIRAO PRETO","195"
"2021-08-08","PETROLINA","776"
"2021-05-19","PETROLINA","394"
"2021-08-05","ACAILANDIA","164"
"2021-08-14","MARINGA","398"
"2021-04-02","JUNDIAI","52"
"2021-09-15","RIBEIRAO PRETO","4167"
"2021-08-18","JUNDIAI","4127"
"2021-02-20","DIVINOPOLIS","231"
"2021-02-01","JUNDIAI","200"
"2021-09-05","NITEROI","4"
"2021-01-28","DIVINOPOLIS","13"
"2021-05-25","ACAILANDIA","83"
"2021-04-10","SANTA LUZIA","48"
"2021-03-04","ACAILANDIA","93"
"2021-06-20","JUNDIAI","24"
"2021-06-27","FEIRA DE SANTANA","47"
"2021-05-23","JUNDIAI","6"
"2021-06-19","NITEROI","941"
"2021-06-12","NITEROI","926"
"2021-08-20","FEIRA DE SANTANA","220"
"2021-04-14","RIBEIRAO PRETO","1889"
"2021-06-09","RIBEIRAO PRETO","1520"
"2021-07-12","PETROLINA","1170"
"2021-08-06","MARINGA","658"
"2021-07-12","SANTA LUZIA","1464"
"2021-06-01","MARINGA","1265"
"2021-05-08","SANTA MARIA","2620"
"2021-05-31","SANTA MARIA","705"
"2021-01-30","PETROLINA","182"
"2021-04-20","SANTA LUZIA","980"
"2021-03-30","ACAILANDIA","280"
"2021-06-18","SANTA LUZIA","655"
"2021-03-24","ACAILANDIA","108"
"2021-08-17","DIVINOPOLIS","581"
"2021-10-16","SANTA LUZIA","1"
"2021-09-16","DIVINOPOLIS","1309"
"2021-06-04","ACAILANDIA","31"
"2021-07-01","NITEROI","6913"
"2021-05-20","NITEROI","2645"
"2021-07-31","RIBEIRAO PRETO","4840"
"2021-07-13","SANTA MARIA","3637"
"2021-07-07","PETROLINA","1659"
"2021-07-27","FEIRA DE SANTANA","1966"
"2021-02-25","RIBEIRAO PRETO","336"
"2021-05-06","SANTA MARIA","2958"
"2021-07-30","PETROLINA","682"
"2021-04-26","SANTA MARIA","950"
"2021-05-28","SANTA MARIA","1351"
"2021-03-16","SANTA MARIA","297"
"2021-08-30","PETROLINA","912"
"2021-06-07","PETROLINA","757"
"2021-02-24","DIVINOPOLIS","189"
"2021-03-08","DIVINOPOLIS","191"
"2021-07-24","ACAILANDIA","107"
"2021-03-06","FEIRA DE SANTANA","39"
"2021-02-01","ACAILANDIA","26"
"2021-09-09","RIBEIRAO PRETO","1092"
"2021-09-17","SANTA LUZIA","534"
"2021-09-16","MARINGA","5863"
"2021-01-23","RIBEIRAO PRETO","122"
"2021-09-24","PETROLINA","77"
"2021-10-11","JUNDIAI","2"
"2021-01-31","DIVINOPOLIS","3"
"2021-03-19","NITEROI","1332"
"2021-07-15","RIBEIRAO PRETO","2662"
"2021-07-17","PETROLINA","445"
"2021-07-03","JUNDIAI","1823"
"2021-08-07","SANTA MARIA","5313"
"2021-05-27","SANTA MARIA","742"
"2021-03-12","ACAILANDIA","42"
"2021-04-06","DIVINOPOLIS","963"
"2021-03-20","RIBEIRAO PRETO","3453"
"2021-02-06","RIBEIRAO PRETO","97"
"2021-05-21","PETROLINA","603"
"2021-06-02","DIVINOPOLIS","623"
"2021-05-13","SANTA MARIA","2103"
"2021-05-23","PETROLINA","333"
"2021-08-17","SANTA MARIA","7591"
"2021-09-23","MARINGA","1380"
"2021-02-26","JUNDIAI","282"
"2021-06-03","MARINGA","490"
"2021-06-11","ACAILANDIA","352"
"2021-02-27","MARINGA","455"
"2021-01-29","SANTA LUZIA","63"
"2021-06-27","DIVINOPOLIS","2"
"2021-08-08","NITEROI","8"
"2021-05-09","FEIRA DE SANTANA","3"
"2021-03-16","NITEROI","3126"
"2021-07-24","SANTA LUZIA","543"
"2021-07-12","RIBEIRAO PRETO","3376"
"2021-04-05","DIVINOPOLIS","1012"
"2021-06-10","ACAILANDIA","557"
"2021-07-20","FEIRA DE SANTANA","1736"
"2021-05-22","RIBEIRAO PRETO","1950"
"2021-07-29","SANTA MARIA","7571"
"2021-04-16","SANTA LUZIA","773"
"2021-03-17","ACAILANDIA","129"
"2021-02-01","FEIRA DE SANTANA","398"
"2021-07-29","DIVINOPOLIS","1346"
"2021-05-27","RIBEIRAO PRETO","1713"
"2021-05-19","SANTA LUZIA","825"
"2021-04-18","PETROLINA","133"
"2021-05-11","ACAILANDIA","152"
"2021-08-24","FEIRA DE SANTANA","271"
"2021-01-20","ACAILANDIA","34"
"2021-10-05","RIBEIRAO PRETO","14"
"2021-05-02","FEIRA DE SANTANA","31"
"2021-01-17","NITEROI","4"
"2021-10-12","NITEROI","1"
"2021-04-12","NITEROI","9142"
"2021-08-17","NITEROI","8626"
"2021-09-03","NITEROI","7501"
"2021-05-08","NITEROI","940"
"2021-06-24","FEIRA DE SANTANA","207"
"2021-06-17","RIBEIRAO PRETO","3256"
"2021-07-29","RIBEIRAO PRETO","3504"
"2021-02-10","SANTA MARIA","531"
"2021-03-05","JUNDIAI","746"
"2021-02-18","RIBEIRAO PRETO","1602"
"2021-07-30","SANTA MARIA","1156"
"2021-09-10","SANTA MARIA","8885"
"2021-04-30","DIVINOPOLIS","45"
"2021-05-30","NITEROI","29"
"2021-03-29","ACAILANDIA","192"
"2021-09-07","JUNDIAI","398"
"2021-06-08","ACAILANDIA","228"
"2021-09-27","RIBEIRAO PRETO","4"
"2021-04-11","MARINGA","23"
"2021-02-23","NITEROI","864"
"2021-07-08","NITEROI","5201"
"2021-08-27","PETROLINA","979"
"2021-07-23","RIBEIRAO PRETO","2700"
"2021-03-29","PETROLINA","1457"
"2021-07-26","RIBEIRAO PRETO","3213"
"2021-04-05","JUNDIAI","734"
"2021-07-10","RIBEIRAO PRETO","227"
"2021-05-18","MARINGA","776"
"2021-02-17","PETROLINA","245"
"2021-07-30","SANTA LUZIA","1058"
"2021-02-26","SANTA MARIA","424"
"2021-08-30","SANTA LUZIA","1791"
"2021-03-13","PETROLINA","239"
"2021-05-13","ACAILANDIA","97"
"2021-01-08","SANTA LUZIA","1"
"2021-06-13","MARINGA","50"
"2021-08-28","ACAILANDIA","37"
"2021-03-14","NITEROI","14"
"2021-01-31","SANTA MARIA","3"
"2021-10-09","SANTA LUZIA","3"
"2021-06-06","JUNDIAI","9"
,"JUNDIAI","3"
"2021-03-25","NITEROI","2077"
"2021-05-15","NITEROI","944"
"2021-07-16","MARINGA","367"
"2021-01-20","SANTA MARIA","1300"
"2021-06-15","SANTA MARIA","6543"
"2021-07-19","FEIRA DE SANTANA","2554"
"2021-04-30","SANTA LUZIA","944"
"2021-04-22","SANTA LUZIA","1165"
"2021-01-26","PETROLINA","98"
"2021-02-12","JUNDIAI","449"
"2021-05-25","FEIRA DE SANTANA","607"
"2021-02-24","SANTA MARIA","752"
"2021-04-09","FEIRA DE SANTANA","548"
"2021-08-23","RIBEIRAO PRETO","1776"
"2021-07-29","MARINGA","568"
"2021-08-06","DIVINOPOLIS","1289"
"2021-10-05","DIVINOPOLIS","2"
"2021-04-28","DIVINOPOLIS","53"
"2021-01-18","NITEROI","8"
"2021-09-17","PETROLINA","1263"
"2021-02-21","FEIRA DE SANTANA","15"
"2021-04-04","RIBEIRAO PRETO","4"
"2021-10-07","NITEROI","3927"
"2021-08-26","NITEROI","6280"
"2021-02-19","NITEROI","1638"
"2021-07-07","SANTA LUZIA","951"
"2021-08-21","MARINGA","206"
"2021-03-24","FEIRA DE SANTANA","873"
"2021-04-03","DIVINOPOLIS","683"
"2021-07-13","DIVINOPOLIS","1646"
"2021-06-22","MARINGA","2327"
"2021-03-30","FEIRA DE SANTANA","1504"
"2021-08-25","RIBEIRAO PRETO","2651"
"2021-10-04","ACAILANDIA","3"
"2021-09-06","RIBEIRAO PRETO","155"
"2021-06-15","DIVINOPOLIS","75"
"2021-06-04","JUNDIAI","119"
"2021-04-13","SANTA LUZIA","501"
"2021-09-24","SANTA LUZIA","363"
"2021-06-27","ACAILANDIA","9"
"2021-09-11","DIVINOPOLIS","623"
"2021-05-02","DIVINOPOLIS","1"
"2021-04-05","NITEROI","9199"
"2021-05-06","NITEROI","4221"
"2021-08-23","SANTA LUZIA","1626"
"2021-03-20","FEIRA DE SANTANA","524"
"2021-07-02","JUNDIAI","2066"
"2021-08-02","FEIRA DE SANTANA","3015"
"2021-02-03","JUNDIAI","183"
"2021-03-27","FEIRA DE SANTANA","1168"
"2021-04-17","RIBEIRAO PRETO","178"
"2021-05-28","SANTA LUZIA","663"
"2021-08-30","SANTA MARIA","1329"
"2021-03-09","SANTA MARIA","265"
"2021-09-24","JUNDIAI","104"
"2021-01-29","JUNDIAI","345"
"2021-02-19","ACAILANDIA","163"
"2021-04-24","RIBEIRAO PRETO","101"
"2021-01-25","FEIRA DE SANTANA","249"
"2021-06-26","DIVINOPOLIS","34"
"2021-10-11","PETROLINA","1"
"2021-08-16","PETROLINA","2159"
"2021-01-18","JUNDIAI","2"
"2021-05-12","NITEROI","4207"
"2021-08-17","SANTA LUZIA","961"
"2021-06-02","RIBEIRAO PRETO","4016"
"2021-06-09","MARINGA","1956"
"2021-07-07","DIVINOPOLIS","1357"
"2021-04-30","MARINGA","372"
"2021-02-22","PETROLINA","211"
"2021-07-31","MARINGA","121"
"2021-02-05","RIBEIRAO PRETO","1002"
"2021-04-28","PETROLINA","571"
"2021-01-24","SANTA MARIA","24"
"2021-02-26","PETROLINA","456"
"2021-01-26","JUNDIAI","237"
"2021-02-25","DIVINOPOLIS","133"
"2021-03-27","ACAILANDIA","24"
"2021-09-07","DIVINOPOLIS","1042"
"2021-03-11","MARINGA","102"
"2021-08-28","JUNDIAI","3491"
"2021-08-28","SANTA LUZIA","660"
"2021-07-22","DIVINOPOLIS","1215"
"2021-02-16","PETROLINA","175"
"2021-05-11","JUNDIAI","1088"
"2021-06-10","MARINGA","2038"
"2021-03-19","SANTA MARIA","501"
"2021-02-08","SANTA MARIA","77"
"2021-03-05","PETROLINA","220"
"2021-03-18","JUNDIAI","395"
"2021-10-05","MARINGA","5"
"2021-01-24","SANTA LUZIA","33"
"2021-09-04","SANTA LUZIA","298"
"2021-07-03","SANTA LUZIA","76"
"2021-09-04","FEIRA DE SANTANA","83"
"2021-05-29","FEIRA DE SANTANA","63"
"2021-05-27","NITEROI","4714"
"2021-06-12","DIVINOPOLIS","353"
"2021-08-07","NITEROI","697"
"2021-02-19","MARINGA","342"
"2021-04-08","JUNDIAI","319"
"2021-02-08","RIBEIRAO PRETO","739"
"2021-06-15","MARINGA","4599"
"2021-02-11","SANTA MARIA","2891"
"2021-05-08","DIVINOPOLIS","439"
"2021-07-20","RIBEIRAO PRETO","2770"
"2021-06-19","SANTA MARIA","3873"
"2021-01-28","RIBEIRAO PRETO","706"
"2021-03-25","ACAILANDIA","129"
"2021-04-22","ACAILANDIA","126"
"2021-04-22","SANTA MARIA","9382"
"2021-03-22","SANTA MARIA","409"
"2021-03-11","PETROLINA","250"
"2021-02-14","PETROLINA","60"
"2021-03-17","JUNDIAI","806"
"2021-06-27","NITEROI","35"
"2021-09-28","FEIRA DE SANTANA","12"
"2021-09-25","RIBEIRAO PRETO","6"
"2021-03-10","ACAILANDIA","32"
"2021-05-30","JUNDIAI","14"
"2021-01-24","FEIRA DE SANTANA","15"
"2021-02-07","DIVINOPOLIS","2"
"2021-01-17","RIBEIRAO PRETO","1"
"2021-09-19","SANTA LUZIA","4"
"2021-10-02","NITEROI","569"
"2021-04-30","RIBEIRAO PRETO","1555"
"2021-07-30","MARINGA","2153"
"2021-06-22","SANTA LUZIA","739"
"2021-03-04","JUNDIAI","1002"
"2021-05-10","DIVINOPOLIS","677"
"2021-08-01","PETROLINA","475"
"2021-05-29","MARINGA","93"
"2021-09-23","SANTA MARIA","953"
"2021-04-17","PETROLINA","377"
"2021-03-16","MARINGA","205"
"2021-02-18","PETROLINA","156"
"2021-09-08","FEIRA DE SANTANA","235"
"2021-10-07","RIBEIRAO PRETO","7"
"2021-08-29","MARINGA","21"
"2021-08-16","RIBEIRAO PRETO","4716"
"2021-09-10","PETROLINA","730"
"2021-09-15","ACAILANDIA","631"
"2021-08-01","MARINGA","26"
"2021-08-15","DIVINOPOLIS","15"
"2021-06-13","NITEROI","17"
"2021-02-06","SANTA LUZIA","11"
"2021-06-24","NITEROI","4247"
"2021-02-25","NITEROI","901"
"2021-09-18","NITEROI","622"
"2021-01-23","NITEROI","255"
"2021-08-24","ACAILANDIA","239"
"2021-06-17","FEIRA DE SANTANA","1547"
"2021-07-06","PETROLINA","1367"
"2021-07-23","PETROLINA","1412"
"2021-05-07","JUNDIAI","1352"
"2021-03-26","PETROLINA","854"
"2021-03-11","DIVINOPOLIS","416"
"2021-04-16","MARINGA","527"
"2021-04-14","FEIRA DE SANTANA","799"
"2021-08-14","SANTA MARIA","8126"
"2021-07-11","SANTA LUZIA","5"
"2021-03-07","NITEROI","4"
"2021-09-27","FEIRA DE SANTANA","4"
"2021-10-15","SANTA LUZIA","10"
"2021-09-28","PETROLINA","4"
"2021-10-15","PETROLINA","2"
"2021-10-08","PETROLINA","2"
"2021-08-22","NITEROI","11"
"2021-06-14","NITEROI","5007"
"2021-03-18","NITEROI","3251"
"2021-08-24","JUNDIAI","1138"
"2021-07-16","DIVINOPOLIS","486"
"2021-08-09","MARINGA","2839"
"2021-05-18","DIVINOPOLIS","442"
"2021-04-15","JUNDIAI","533"
"2021-05-01","MARINGA","158"
"2021-04-23","SANTA MARIA","401"
"2021-09-29","SANTA MARIA","202"
"2021-03-05","SANTA LUZIA","236"
"2021-04-25","NITEROI","21"
"2021-08-19","MARINGA","3290"
"2021-10-14","RIBEIRAO PRETO","11"
"2021-10-16","PETROLINA","1"
"2021-02-07","RIBEIRAO PRETO","22"
"2021-08-08","SANTA LUZIA","5"
"2021-01-31","MARINGA","3"
"2021-08-27","DIVINOPOLIS","1327"
"2021-06-24","RIBEIRAO PRETO","3345"
"2021-06-11","JUNDIAI","916"
"2021-05-21","DIVINOPOLIS","850"
"2021-07-31","JUNDIAI","3341"
"2021-07-30","DIVINOPOLIS","668"
"2021-02-24","JUNDIAI","100"
"2021-02-18","SANTA MARIA","960"
"2021-04-07","FEIRA DE SANTANA","846"
"2021-03-30","RIBEIRAO PRETO","1318"
"2021-08-10","PETROLINA","1375"
"2021-06-16","SANTA LUZIA","1058"
"2021-05-07","MARINGA","380"
"2021-02-03","PETROLINA","67"
"2021-08-30","DIVINOPOLIS","443"
"2021-01-26","MARINGA","244"
"2021-03-21","SANTA MARIA","25"
"2021-09-24","DIVINOPOLIS","42"
"2021-09-17","DIVINOPOLIS","1207"
"2021-09-05","RIBEIRAO PRETO","15"
"2021-04-11","SANTA MARIA","13"
"2021-07-07","NITEROI","7918"
"2021-04-27","NITEROI","7092"
"2021-08-11","NITEROI","7019"
"2021-06-07","NITEROI","4683"
"2021-04-07","SANTA LUZIA","1184"
"2021-04-06","RIBEIRAO PRETO","1973"
"2021-07-08","RIBEIRAO PRETO","3219"
"2021-08-03","JUNDIAI","2699"
"2021-06-29","PETROLINA","326"
"2021-05-19","JUNDIAI","979"
"2021-08-10","FEIRA DE SANTANA","2781"
"2021-06-02","FEIRA DE SANTANA","430"
"2021-05-05","FEIRA DE SANTANA","896"
"2021-06-01","JUNDIAI","1122"
"2021-02-15","ACAILANDIA","77"
"2021-03-04","RIBEIRAO PRETO","968"
"2021-06-05","FEIRA DE SANTANA","186"
"2021-09-25","SANTA MARIA","3316"
"2021-02-13","SANTA MARIA","85"
"2021-03-29","DIVINOPOLIS","508"
"2021-08-17","PETROLINA","3126"
"2021-08-19","JUNDIAI","3334"
"2021-08-15","MARINGA","83"
"2021-10-11","SANTA LUZIA","3"
"2021-04-04","FEIRA DE SANTANA","14"
"2021-09-30","PETROLINA","1"
"2021-02-13","DIVINOPOLIS","8"
"2021-03-21","DIVINOPOLIS","1"
"2021-07-09","NITEROI","8085"
"2021-06-22","NITEROI","6298"
"2021-04-20","PETROLINA","830"
"2021-05-07","SANTA LUZIA","501"
"2021-07-03","PETROLINA","921"
"2021-04-21","JUNDIAI","1917"
"2021-06-22","DIVINOPOLIS","1223"
"2021-08-07","JUNDIAI","3021"
"2021-05-29","PETROLINA","757"
"2021-04-08","PETROLINA","1033"
"2021-04-07","MARINGA","137"
"2021-04-05","ACAILANDIA","107"
"2021-05-17","FEIRA DE SANTANA","482"
"2021-09-30","MARINGA","11"
"2021-04-18","FEIRA DE SANTANA","40"
"2021-01-24","PETROLINA","16"
"2021-10-06","PETROLINA","3"
"2021-05-23","FEIRA DE SANTANA","5"
"2021-03-06","ACAILANDIA","8"
"2021-10-12","FEIRA DE SANTANA","1"
"2021-09-10","NITEROI","7146"
"2021-05-26","NITEROI","5676"
"2021-02-24","MARINGA","140"
"2021-04-27","RIBEIRAO PRETO","1831"
"2021-08-03","MARINGA","3921"
"2021-05-24","RIBEIRAO PRETO","2174"
"2021-07-13","MARINGA","469"
"2021-05-18","SANTA MARIA","2012"
"2021-06-05","MARINGA","153"
"2021-05-02","MARINGA","2618"
"2021-05-26","JUNDIAI","914"
"2021-02-16","SANTA LUZIA","119"
"2021-09-16","SANTA MARIA","2561"
"2021-04-23","DIVINOPOLIS","810"
"2021-03-22","RIBEIRAO PRETO","255"
"2021-09-17","RIBEIRAO PRETO","4014"
"2021-08-21","DIVINOPOLIS","723"
"2021-07-18","NITEROI","22"
"2021-02-05","MARINGA","331"
"2021-10-01","MARINGA","12"
"2021-02-08","DIVINOPOLIS","31"
"2021-02-12","ACAILANDIA","29"
"2021-08-22","SANTA LUZIA","117"
"2021-09-03","DIVINOPOLIS","538"
"2021-04-27","DIVINOPOLIS","34"
"2021-03-28","FEIRA DE SANTANA","57"
"2021-10-06","SANTA LUZIA","3"
"2021-06-10","PETROLINA","878"
"2021-03-03","SANTA LUZIA","555"
"2021-08-04","JUNDIAI","1240"
"2021-07-17","SANTA LUZIA","81"
"2021-03-15","JUNDIAI","574"
"2021-06-28","PETROLINA","355"
"2021-03-29","RIBEIRAO PRETO","1351"
"2021-07-15","ACAILANDIA","368"
"2021-10-09","RIBEIRAO PRETO","5"
"2021-06-27","JUNDIAI","35"
"2021-01-19","MARINGA","27"
"2021-04-19","PETROLINA","256"
"2021-07-03","FEIRA DE SANTANA","174"
"2021-06-06","ACAILANDIA","9"
"2021-02-21","ACAILANDIA","8"
"2021-09-29","DIVINOPOLIS","4"
"2021-09-04","PETROLINA","1020"
"2021-10-02","DIVINOPOLIS","4"
"2021-03-21","SANTA LUZIA","1"
"2021-08-04","NITEROI","7285"
"2021-08-04","RIBEIRAO PRETO","3656"
"2021-07-20","MARINGA","1143"
"2021-07-23","FEIRA DE SANTANA","1396"
"2021-05-15","PETROLINA","241"
"2021-04-27","ACAILANDIA","154"
"2021-05-12","FEIRA DE SANTANA","844"
"2021-07-01","ACAILANDIA","182"
"2021-01-25","RIBEIRAO PRETO","1332"
"2021-05-10","ACAILANDIA","215"
"2021-05-05","DIVINOPOLIS","656"
"2021-08-05","MARINGA","712"
"2021-10-13","RIBEIRAO PRETO","13"
"2021-07-27","SANTA MARIA","2800"
"2021-03-30","DIVINOPOLIS","485"
"2021-01-29","PETROLINA","165"
"2021-08-07","RIBEIRAO PRETO","224"
"2021-02-01","SANTA LUZIA","121"
"2021-04-12","ACAILANDIA","144"
"2021-02-25","JUNDIAI","37"
"2021-02-04","SANTA LUZIA","202"
"2021-10-13","JUNDIAI","9"
"2021-09-04","JUNDIAI","3578"
"2021-05-31","FEIRA DE SANTANA","331"
"2021-04-30","ACAILANDIA","105"
"2021-09-26","SANTA MARIA","5"
"2021-09-28","JUNDIAI","9"
"2021-06-05","ACAILANDIA","20"
"2021-02-21","DIVINOPOLIS","1"
"2021-01-18","SANTA LUZIA","2"
"2021-09-17","NITEROI","7165"
"2021-08-25","JUNDIAI","1302"
"2021-08-26","SANTA LUZIA","1115"
"2021-03-24","MARINGA","1290"
"2021-03-27","SANTA LUZIA","74"
"2021-05-04","RIBEIRAO PRETO","624"
"2021-03-19","SANTA LUZIA","144"
"2021-08-26","PETROLINA","1259"
"2021-10-15","JUNDIAI","4"
"2021-01-31","ACAILANDIA","32"
"2021-09-05","PETROLINA","917"
"2021-05-09","RIBEIRAO PRETO","11"
,"RIBEIRAO PRETO","1"
"2021-01-18","PETROLINA","1"
"2021-05-21","NITEROI","4218"
"2021-06-21","NITEROI","6400"
"2021-05-24","NITEROI","3913"
"2021-02-11","NITEROI","3196"
"2021-07-17","NITEROI","1337"
"2021-07-06","FEIRA DE SANTANA","5627"
"2021-03-31","DIVINOPOLIS","570"
"2021-06-25","PETROLINA","407"
"2021-08-12","DIVINOPOLIS","1063"
"2021-05-26","SANTA MARIA","867"
"2021-04-09","SANTA MARIA","3842"
"2021-08-12","SANTA MARIA","3371"
"2021-07-10","PETROLINA","341"
"2021-02-28","SANTA MARIA","11"
"2021-06-19","DIVINOPOLIS","812"
"2021-01-27","JUNDIAI","176"
"2021-08-24","SANTA LUZIA","851"
"2021-04-09","DIVINOPOLIS","1051"
"2021-05-24","ACAILANDIA","78"
"2021-02-27","SANTA LUZIA","5"
"2021-09-03","ACAILANDIA","539"
"2021-03-14","SANTA LUZIA","5"
"2021-03-29","NITEROI","7451"
"2021-02-04","NITEROI","1632"
"2021-10-04","FEIRA DE SANTANA","6"
"2021-04-26","SANTA LUZIA","730"
"2021-08-23","JUNDIAI","1341"
"2021-08-20","DIVINOPOLIS","1216"
"2021-07-13","FEIRA DE SANTANA","687"
"2021-06-29","RIBEIRAO PRETO","2751"
"2021-05-21","MARINGA","1548"
"2021-08-12","RIBEIRAO PRETO","5681"
"2021-05-29","JUNDIAI","2906"
"2021-04-21","RIBEIRAO PRETO","3468"
"2021-03-01","SANTA MARIA","619"
"2021-07-13","ACAILANDIA","160"
"2021-03-11","JUNDIAI","626"
"2021-09-11","MARINGA","1972"
"2021-04-18","MARINGA","38"
"2021-06-12","FEIRA DE SANTANA","83"
"2021-01-27","SANTA LUZIA","110"
"2021-01-25","MARINGA","95"
"2021-02-04","PETROLINA","51"
"2021-02-21","SANTA MARIA","10"
"2021-09-05","SANTA LUZIA","10"
"2021-06-13","JUNDIAI","12"
"2021-09-19","JUNDIAI","17"
"2021-07-23","NITEROI","6363"
"2021-04-08","NITEROI","6863"
"2021-03-06","RIBEIRAO PRETO","2670"
"2021-05-11","DIVINOPOLIS","709"
"2021-07-06","SANTA MARIA","5190"
"2021-01-29","RIBEIRAO PRETO","1092"
"2021-04-03","JUNDIAI","1280"
"2021-03-25","PETROLINA","606"
"2021-02-22","RIBEIRAO PRETO","467"
"2021-07-17","DIVINOPOLIS","638"
"2021-04-21","PETROLINA","123"
"2021-05-04","SANTA MARIA","964"
"2021-02-27","SANTA MARIA","147"
"2021-08-14","PETROLINA","851"
"2021-05-15","RIBEIRAO PRETO","230"
"2021-02-20","FEIRA DE SANTANA","14"
"2021-09-30","FEIRA DE SANTANA","7"
"2021-02-17","NITEROI","1207"
"2021-10-06","NITEROI","4189"
"2021-07-31","NITEROI","1277"
"2021-08-26","RIBEIRAO PRETO","594"
"2021-07-16","ACAILANDIA","1339"
"2021-08-04","SANTA MARIA","842"
"2021-04-08","DIVINOPOLIS","913"
"2021-01-21","SANTA LUZIA","398"
"2021-07-18","PETROLINA","676"
"2021-06-23","SANTA LUZIA","664"
"2021-01-21","PETROLINA","897"
"2021-04-20","JUNDIAI","896"
"2021-07-29","PETROLINA","938"
"2021-02-22","SANTA MARIA","826"
"2021-06-21","SANTA MARIA","425"
"2021-09-28","SANTA MARIA","1135"
"2021-09-01","ACAILANDIA","738"
"2021-01-19","FEIRA DE SANTANA","249"
"2021-09-27","DIVINOPOLIS","7"
"2021-02-08","JUNDIAI","356"
"2021-08-17","FEIRA DE SANTANA","341"
"2021-08-24","DIVINOPOLIS","1311"
"2021-01-23","ACAILANDIA","14"
"2021-10-08","RIBEIRAO PRETO","10"
"2021-02-07","JUNDIAI","11"
"2021-10-06","DIVINOPOLIS","1"
"2021-01-28","NITEROI","4181"
"2021-09-07","NITEROI","1218"
"2021-03-08","NITEROI","3835"
"2021-04-22","MARINGA","27643"
"2021-07-22","FEIRA DE SANTANA","3996"
"2021-07-23","SANTA LUZIA","1610"
"2021-08-03","SANTA LUZIA","690"
"2021-05-26","RIBEIRAO PRETO","1920"
"2021-05-11","FEIRA DE SANTANA","2579"
"2021-01-22","SANTA LUZIA","252"
"2021-06-12","PETROLINA","704"
"2021-04-16","PETROLINA","247"
"2021-07-04","PETROLINA","237"
"2021-06-04","FEIRA DE SANTANA","1144"
"2021-02-27","FEIRA DE SANTANA","68"
"2021-07-16","SANTA MARIA","1075"
"2021-07-07","SANTA MARIA","1132"
"2021-08-13","PETROLINA","1489"
"2021-02-26","SANTA LUZIA","254"
"2021-03-28","NITEROI","34"
"2021-09-30","JUNDIAI","8"
"2021-06-20","FEIRA DE SANTANA","40"
"2021-07-04","SANTA LUZIA","8"
"2021-08-08","DIVINOPOLIS","2"
"2021-08-26","JUNDIAI","1039"
"2021-04-09","JUNDIAI","249"
"2021-08-11","RIBEIRAO PRETO","7682"
"2021-03-10","JUNDIAI","676"
"2021-03-17","FEIRA DE SANTANA","946"
"2021-03-01","RIBEIRAO PRETO","1134"
"2021-06-29","ACAILANDIA","1328"
"2021-04-26","FEIRA DE SANTANA","1618"
"2021-03-26","SANTA LUZIA","211"
"2021-02-20","SANTA MARIA","345"
"2021-06-07","SANTA MARIA","580"
"2021-08-14","DIVINOPOLIS","442"
"2021-02-22","SANTA LUZIA","104"
"2021-06-18","ACAILANDIA","94"
"2021-04-22","PETROLINA","142"
"2021-07-19","ACAILANDIA","106"
"2021-05-02","ACAILANDIA","3"
"2021-02-28","RIBEIRAO PRETO","11"
"2021-10-02","MARINGA","4"
"2021-09-18","DIVINOPOLIS","56"
"2021-10-08","SANTA LUZIA","3"
"2021-09-01","NITEROI","10180"
"2021-09-25","NITEROI","732"
"2021-09-29","JUNDIAI","8"
"2021-08-28","FEIRA DE SANTANA","107"
"2021-03-31","JUNDIAI","943"
"2021-05-20","SANTA LUZIA","845"
"2021-02-17","SANTA LUZIA","201"
"2021-02-16","RIBEIRAO PRETO","358"
"2021-03-11","SANTA MARIA","2670"
"2021-02-09","JUNDIAI","400"
"2021-06-10","FEIRA DE SANTANA","347"
"2021-10-14","NITEROI","4941"
"2021-05-06","DIVINOPOLIS","862"
"2021-09-22","FEIRA DE SANTANA","122"
"2021-08-13","MARINGA","2128"
"2021-06-12","SANTA LUZIA","321"
"2021-07-11","MARINGA","67"
"2021-10-15","MARINGA","10"
"2021-10-13","SANTA MARIA","2"
"2021-10-02","PETROLINA","1"
"2021-02-18","MARINGA","333"
"2021-10-09","NITEROI","366"
"2021-08-18","RIBEIRAO PRETO","8690"
"2021-06-08","PETROLINA","823"
"2021-05-13","MARINGA","466"
"2021-06-16","RIBEIRAO PRETO","3732"
"2021-03-12","MARINGA","1440"
"2021-06-14","PETROLINA","802"
"2021-05-31","JUNDIAI","1086"
"2021-07-26","JUNDIAI","1371"
"2021-01-28","FEIRA DE SANTANA","769"
"2021-07-27","MARINGA","1498"
"2021-03-17","SANTA MARIA","424"
"2021-03-18","PETROLINA","340"
"2021-04-03","ACAILANDIA","40"
"2021-09-21","RIBEIRAO PRETO","541"
"2021-06-19","SANTA LUZIA","79"
"2021-03-06","SANTA MARIA","79"
"2021-03-25","SANTA LUZIA","255"
"2021-02-10","PETROLINA","143"
"2021-10-01","PETROLINA","1"
"2021-10-13","ACAILANDIA","1"
"2021-02-20","ACAILANDIA","40"
"2021-03-11","ACAILANDIA","52"
"2021-09-18","ACAILANDIA","28"
"2021-02-14","FEIRA DE SANTANA","6"
"2021-01-17","JUNDIAI","1"
"2021-07-14","NITEROI","7883"
"2021-06-09","NITEROI","4232"
"2021-08-24","SANTA MARIA","4503"
"2021-05-17","DIVINOPOLIS","452"
"2021-06-14","RIBEIRAO PRETO","2182"
"2021-04-25","PETROLINA","580"
"2021-03-24","DIVINOPOLIS","403"
"2021-07-15","DIVINOPOLIS","483"
"2021-06-12","RIBEIRAO PRETO","160"
"2021-04-03","FEIRA DE SANTANA","550"
"2021-07-05","DIVINOPOLIS","82"
"2021-07-19","DIVINOPOLIS","704"
"2021-03-18","SANTA LUZIA","177"
"2021-05-11","SANTA MARIA","3475"
"2021-07-01","RIBEIRAO PRETO","2620"
"2021-06-20","SANTA MARIA","11"
"2021-08-31","MARINGA","2270"
"2021-07-25","PETROLINA","404"
"2021-02-12","SANTA MARIA","218"
"2021-05-06","ACAILANDIA","161"
"2021-01-30","NITEROI","47"
"2021-10-13","FEIRA DE SANTANA","17"
"2021-03-08","ACAILANDIA","27"
"2021-01-17","FEIRA DE SANTANA","2"
"2021-05-09","PETROLINA","11"
"2021-09-12","SANTA MARIA","3"
"2021-01-20","NITEROI","2291"
"2021-02-24","NITEROI","1244"
"2021-08-20","RIBEIRAO PRETO","1894"
"2021-06-07","JUNDIAI","1322"
"2021-04-24","JUNDIAI","3069"
"2021-07-09","ACAILANDIA","880"
"2021-07-01","FEIRA DE SANTANA","3508"
"2021-04-20","SANTA MARIA","5525"
"2021-04-19","DIVINOPOLIS","766"
"2021-07-08","DIVINOPOLIS","1256"
"2021-06-08","DIVINOPOLIS","559"
"2021-08-05","SANTA LUZIA","1269"
"2021-09-25","FEIRA DE SANTANA","9"
"2021-08-11","ACAILANDIA","247"
"2021-08-19","RIBEIRAO PRETO","2520"
"2021-05-02","NITEROI","10"
"2021-05-08","PETROLINA","198"
"2021-07-25","FEIRA DE SANTANA","32"
"2021-09-04","RIBEIRAO PRETO","160"
"2021-09-29","SANTA LUZIA","9"
"2021-09-28","RIBEIRAO PRETO","14"
"2021-01-31","NITEROI","4"
"2021-06-03","DIVINOPOLIS","35"
"2021-02-10","ACAILANDIA","14"
"2021-02-16","ACAILANDIA","52"
"2021-06-12","ACAILANDIA","55"
"2021-04-21","NITEROI","10635"
"2021-06-29","NITEROI","6777"
"2021-09-02","NITEROI","7860"
"2021-03-31","NITEROI","8374"
"2021-03-17","NITEROI","1011"
"2021-05-03","NITEROI","5393"
"2021-05-06","MARINGA","334"
"2021-08-23","MARINGA","2915"
"2021-07-30","RIBEIRAO PRETO","2038"
"2021-01-21","SANTA MARIA","1705"
"2021-02-11","RIBEIRAO PRETO","1260"
"2021-07-22","SANTA MARIA","3581"
"2021-05-07","PETROLINA","463"
"2021-09-07","SANTA MARIA","12"
"2021-09-15","SANTA MARIA","1835"
"2021-09-28","SANTA LUZIA","9"
"2021-01-23","SANTA LUZIA","74"
"2021-10-03","NITEROI","3"
"2021-06-13","SANTA MARIA","14"
"2021-04-04","PETROLINA","3"
"2021-09-24","RIBEIRAO PRETO","538"
"2021-09-29","RIBEIRAO PRETO","13"
"2021-07-25","MARINGA","35"
"2021-05-09","JUNDIAI","16"
"2021-07-04","RIBEIRAO PRETO","23"
"2021-07-02","RIBEIRAO PRETO","3895"
"2021-03-26","DIVINOPOLIS","484"
"2021-05-13","SANTA LUZIA","581"
"2021-04-13","RIBEIRAO PRETO","1789"
"2021-05-13","FEIRA DE SANTANA","1784"
"2021-04-19","SANTA LUZIA","600"
"2021-06-24","SANTA MARIA","4704"
"2021-05-17","PETROLINA","422"
"2021-07-06","JUNDIAI","1912"
"2021-02-04","SANTA MARIA","1325"
"2021-05-12","JUNDIAI","1084"
"2021-06-16","FEIRA DE SANTANA","441"
"2021-07-09","FEIRA DE SANTANA","476"
"2021-06-30","RIBEIRAO PRETO","2476"
"2021-01-28","SANTA MARIA","394"
"2021-09-14","MARINGA","3664"
"2021-04-29","ACAILANDIA","193"
"2021-01-30","FEIRA DE SANTANA","58"
"2021-09-20","JUNDIAI","320"
"2021-08-02","DIVINOPOLIS","723"
"2021-09-15","DIVINOPOLIS","1425"
"2021-05-16","ACAILANDIA","7"
"2021-06-26","ACAILANDIA","40"
,"ACAILANDIA","4"
"2021-04-04","SANTA LUZIA","4"
"2021-05-31","NITEROI","5177"
"2021-08-28","PETROLINA","819"
"2021-07-09","DIVINOPOLIS","1395"
"2021-05-28","PETROLINA","735"
"2021-06-15","SANTA LUZIA","1660"
"2021-07-28","ACAILANDIA","343"
"2021-01-26","SANTA MARIA","989"
"2021-08-11","PETROLINA","1237"
"2021-04-26","PETROLINA","169"
"2021-02-11","DIVINOPOLIS","35"
"2021-10-04","JUNDIAI","8"
"2021-07-14","ACAILANDIA","460"
"2021-02-01","PETROLINA","104"
"2021-04-25","SANTA MARIA","14"
"2021-10-07","ACAILANDIA","1"
"2021-03-14","MARINGA","9"
"2021-06-27","SANTA LUZIA","4"
"2021-09-05","DIVINOPOLIS","2"
"2021-04-01","NITEROI","3028"
"2021-08-31","NITEROI","8108"
"2021-07-17","RIBEIRAO PRETO","1463"
"2021-05-20","DIVINOPOLIS","849"
"2021-07-14","SANTA LUZIA","1396"
"2021-04-20","DIVINOPOLIS","708"
"2021-08-17","MARINGA","1886"
"2021-05-27","MARINGA","1303"
"2021-07-21","FEIRA DE SANTANA","1053"
"2021-03-12","JUNDIAI","758"
"2021-04-29","SANTA LUZIA","784"
"2021-07-15","PETROLINA","386"
"2021-03-14","SANTA MARIA","28"
"2021-09-09","DIVINOPOLIS","1814"
"2021-02-05","JUNDIAI","517"
"2021-09-11","RIBEIRAO PRETO","6127"
"2021-09-13","SANTA MARIA","245"
"2021-02-02","JUNDIAI","215"
"2021-04-03","RIBEIRAO PRETO","53"
"2021-09-03","SANTA LUZIA","1049"
"2021-03-21","RIBEIRAO PRETO","11"
"2021-02-28","PETROLINA","68"
"2021-02-03","MARINGA","330"
"2021-04-10","ACAILANDIA","6"
"2021-04-19","NITEROI","10930"
"2021-06-17","SANTA MARIA","7932"
"2021-07-21","PETROLINA","1393"
"2021-08-07","SANTA LUZIA","879"
"2021-02-09","FEIRA DE SANTANA","196"
"2021-05-27","SANTA LUZIA","783"
"2021-07-24","SANTA MARIA","3305"
"2021-02-01","SANTA MARIA","508"
"2021-01-23","FEIRA DE SANTANA","58"
"2021-04-05","MARINGA","398"
"2021-03-08","JUNDIAI","429"
"2021-05-16","SANTA MARIA","11"
"2021-08-14","FEIRA DE SANTANA","270"
"2021-05-01","JUNDIAI","147"
"2021-01-31","JUNDIAI","7"
"2021-10-04","SANTA MARIA","5"
"2021-05-30","MARINGA","14"
"2021-10-11","RIBEIRAO PRETO","2"
"2021-02-25","ACAILANDIA","39"
,"SANTA MARIA","1"
"2021-07-05","NITEROI","9219"
"2021-03-26","NITEROI","6211"
"2021-04-14","NITEROI","5522"
"2021-08-11","MARINGA","3332"
"2021-03-11","FEIRA DE SANTANA","1057"
"2021-08-07","PETROLINA","1398"
"2021-07-20","SANTA MARIA","4861"
"2021-09-01","SANTA LUZIA","1661"
"2021-09-01","FEIRA DE SANTANA","181"
"2021-01-28","JUNDIAI","585"
"2021-05-28","ACAILANDIA","116"
"2021-09-13","JUNDIAI","1316"
"2021-05-03","PETROLINA","329"
"2021-08-16","DIVINOPOLIS","719"
"2021-02-08","ACAILANDIA","36"
"2020-03-23","RIBEIRAO PRETO","28"
"2021-06-26","SANTA LUZIA","80"
"2021-10-05","JUNDIAI","4"
"2021-01-19","PETROLINA","39"
"2021-09-11","FEIRA DE SANTANA","45"
"2021-02-09","ACAILANDIA","8"
"2021-08-25","NITEROI","5941"
"2021-09-04","NITEROI","1151"
"2021-09-17","MARINGA","4790"
"2021-07-02","FEIRA DE SANTANA","980"
"2021-02-25","PETROLINA","375"
"2021-03-27","DIVINOPOLIS","407"
"2021-03-15","FEIRA DE SANTANA","560"
"2021-06-29","SANTA MARIA","5523"
"2021-05-14","SANTA LUZIA","504"
"2021-05-05","JUNDIAI","395"
"2021-09-20","SANTA LUZIA","614"
"2021-08-15","SANTA MARIA","17"
"2021-06-23","ACAILANDIA","86"
"2021-09-04","DIVINOPOLIS","615"
"2021-03-07","MARINGA","3"
"2021-09-07","MARINGA","29"
"2021-02-18","NITEROI","2894"
"2021-05-15","MARINGA","266"
"2021-07-26","NITEROI","7600"
"2021-07-03","NITEROI","2286"
"2021-02-17","MARINGA","447"
"2021-02-26","MARINGA","81"
"2021-03-22","MARINGA","867"
"2021-07-21","SANTA MARIA","5287"
"2021-01-22","MARINGA","124"
"2021-07-06","SANTA LUZIA","1108"
"2021-07-20","ACAILANDIA","154"
"2021-07-11","PETROLINA","518"
"2021-07-04","MARINGA","73"
"2021-06-23","SANTA MARIA","457"
"2021-03-05","ACAILANDIA","105"
"2021-06-21","FEIRA DE SANTANA","1111"
"2021-07-31","SANTA LUZIA","436"
"2021-02-11","JUNDIAI","228"
"2021-06-06","SANTA LUZIA","3"
"2021-03-22","SANTA LUZIA","139"
"2021-09-21","SANTA LUZIA","1044"
"2021-07-25","RIBEIRAO PRETO","30"
"2021-10-13","DIVINOPOLIS","4"
"2021-08-15","ACAILANDIA","15"
"2021-04-18","SANTA LUZIA","2"
"2021-09-19","DIVINOPOLIS","3"
"2021-09-09","NITEROI","7745"
"2021-04-17","NITEROI","1592"
"2021-02-08","NITEROI","1030"
"2021-06-26","NITEROI","1735"
"2021-02-22","MARINGA","194"
"2021-08-03","PETROLINA","1330"
"2021-04-28","SANTA LUZIA","726"
"2021-07-13","RIBEIRAO PRETO","2947"
"2021-07-22","ACAILANDIA","183"
"2021-02-10","RIBEIRAO PRETO","486"
"2021-09-21","PETROLINA","763"
"2021-09-13","FEIRA DE SANTANA","224"
"2021-08-21","SANTA LUZIA","132"
"2021-09-22","ACAILANDIA","544"
"2021-08-01","NITEROI","36"
"2021-05-29","DIVINOPOLIS","12"
"2021-04-10","RIBEIRAO PRETO","74"
"2021-07-18","RIBEIRAO PRETO","21"
"2021-03-21","NITEROI","27"
"2021-06-27","RIBEIRAO PRETO","33"
"2021-02-27","ACAILANDIA","13"
"2021-07-03","DIVINOPOLIS","41"
"2021-09-19","NITEROI","11"
"2021-10-03","SANTA MARIA","2"
"2021-03-20","ACAILANDIA","4"
"2021-07-28","NITEROI","8285"
"2021-05-13","NITEROI","2992"
"2021-04-24","NITEROI","1179"
"2021-03-02","NITEROI","2384"
"2021-05-14","NITEROI","5110"
"2021-08-25","SANTA LUZIA","1536"
"2021-08-25","PETROLINA","1125"
"2021-06-29","FEIRA DE SANTANA","2409"
"2021-07-10","FEIRA DE SANTANA","701"
"2021-06-01","SANTA LUZIA","566"
"2021-04-08","SANTA LUZIA","342"
"2021-04-14","ACAILANDIA","186"
"2021-03-19","JUNDIAI","504"
"2021-01-19","NITEROI","131"
"2021-04-12","RIBEIRAO PRETO","1753"
"2021-04-19","JUNDIAI","622"
"2021-02-15","PETROLINA","178"
"2021-06-19","RIBEIRAO PRETO","250"
"2021-01-24","NITEROI","118"
"2021-03-06","MARINGA","32"
"2021-10-01","SANTA MARIA","126"
"2021-01-23","DIVINOPOLIS","5"
"2021-04-16","NITEROI","10232"
"2021-04-29","RIBEIRAO PRETO","3245"
"2021-08-09","SANTA MARIA","1386"
"2021-08-05","JUNDIAI","3133"
"2021-05-28","RIBEIRAO PRETO","2085"
"2021-07-26","MARINGA","3206"
"2021-06-29","DIVINOPOLIS","1046"
"2021-05-18","JUNDIAI","900"
"2021-02-04","FEIRA DE SANTANA","201"
"2021-10-04","RIBEIRAO PRETO","13"
"2021-03-02","SANTA LUZIA","115"
"2021-04-24","MARINGA","160"
"2021-09-22","SANTA MARIA","2431"
"2021-09-27","SANTA MARIA","327"
"2021-09-02","SANTA MARIA","4082"
"2021-09-01","PETROLINA","1086"
"2021-04-02","FEIRA DE SANTANA","161"
"2021-10-01","FEIRA DE SANTANA","9"
"2021-05-14","PETROLINA","478"
"2021-07-04","NITEROI","18"
"2021-04-17","SANTA LUZIA","145"
"2021-07-28","PETROLINA","150"
"2021-08-19","ACAILANDIA","268"
"2021-09-08","ACAILANDIA","511"
"2021-09-20","PETROLINA","769"
"2021-04-11","ACAILANDIA","4"
"2021-09-15","FEIRA DE SANTANA","176"
"2021-09-09","PETROLINA","1090"
"2021-02-02","PETROLINA","96"
"2021-02-13","FEIRA DE SANTANA","10"
"2021-04-11","FEIRA DE SANTANA","20"
"2021-02-13","ACAILANDIA","4"
"2021-04-23","NITEROI","5711"
"2021-05-11","NITEROI","4476"
"2021-09-29","NITEROI","4240"
"2021-08-26","MARINGA","1055"
"2021-05-24","DIVINOPOLIS","419"
"2021-04-15","SANTA LUZIA","1037"
"2021-07-16","RIBEIRAO PRETO","1758"
"2021-06-12","SANTA MARIA","2633"
"2021-06-29","JUNDIAI","1140"
"2021-06-02","SANTA MARIA","4282"
"2021-08-02","SANTA MARIA","1077"
"2021-06-20","NITEROI","45"
"2021-08-07","DIVINOPOLIS","768"
"2021-08-29","FEIRA DE SANTANA","13"
"2021-01-20","PETROLINA","141"
"2021-04-10","FEIRA DE SANTANA","609"
"2021-02-24","SANTA LUZIA","74"
"2021-08-13","ACAILANDIA","209"
"2021-05-23","SANTA LUZIA","2"
"2021-03-21","FEIRA DE SANTANA","41"
"2021-08-08","JUNDIAI","7"
"2021-01-22","ACAILANDIA","17"
"2021-02-27","NITEROI","630"
"2021-09-22","RIBEIRAO PRETO","1292"
"2021-08-24","PETROLINA","1476"
"2021-06-16","PETROLINA","1221"
"2021-05-07","FEIRA DE SANTANA","739"
"2021-05-06","SANTA LUZIA","876"
"2021-05-11","SANTA LUZIA","693"
"2021-03-11","SANTA LUZIA","346"
"2021-07-28","RIBEIRAO PRETO","4887"
"2021-06-20","PETROLINA","344"
"2021-01-20","SANTA LUZIA","460"
"2021-04-15","PETROLINA","102"
"2021-02-04","DIVINOPOLIS","50"
"2021-04-30","SANTA MARIA","201"
"2021-03-17","PETROLINA","570"
"2021-09-23","RIBEIRAO PRETO","201"
"2021-05-19","FEIRA DE SANTANA","226"
"2021-08-22","JUNDIAI","45"
"2021-01-30","JUNDIAI","377"
"2021-01-26","ACAILANDIA","27"
"2021-10-02","RIBEIRAO PRETO","6"
"2021-07-04","ACAILANDIA","2"
"2021-02-14","SANTA LUZIA","5"
"2021-09-21","NITEROI","6958"
"2021-07-11","NITEROI","21"
"2021-09-16","JUNDIAI","1631"
"2021-06-11","RIBEIRAO PRETO","1537"
"2021-05-21","FEIRA DE SANTANA","1184"
"2021-06-26","PETROLINA","806"
"2021-04-07","DIVINOPOLIS","913"
"2021-06-23","FEIRA DE SANTANA","297"
"2021-04-14","SANTA MARIA","194"
"2021-06-30","SANTA MARIA","744"
"2021-09-25","MARINGA","13"
"2021-03-02","PETROLINA","211"
"2021-02-08","SANTA LUZIA","236"
"2021-08-19","FEIRA DE SANTANA","368"
"2021-05-01","SANTA LUZIA","89"
"2021-02-23","PETROLINA","273"
"2021-09-12","JUNDIAI","55"
"2021-01-23","PETROLINA","25"
"2021-02-07","PETROLINA","7"
"2021-06-13","DIVINOPOLIS","3"
"2021-10-11","DIVINOPOLIS","1"
"2021-10-14","PETROLINA","2"
"2021-09-01","JUNDIAI","3598"
"2021-06-21","DIVINOPOLIS","930"
"2021-06-18","JUNDIAI","2876"
"2021-06-27","PETROLINA","901"
"2021-04-16","JUNDIAI","497"
"2021-03-29","SANTA MARIA","414"
"2021-08-11","FEIRA DE SANTANA","927"
"2021-04-13","DIVINOPOLIS","230"
"2021-05-30","PETROLINA","575"
"2021-01-26","DIVINOPOLIS","18"
"2021-04-29","SANTA MARIA","758"
"2021-01-22","DIVINOPOLIS","41"
"2021-04-20","FEIRA DE SANTANA","1059"
"2021-02-23","ACAILANDIA","33"
"2021-02-17","ACAILANDIA","48"
"2021-09-17","SANTA MARIA","910"
"2021-09-06","MARINGA","122"
"2021-05-20","ACAILANDIA","77"
"2021-04-02","SANTA LUZIA","38"
"2021-06-19","FEIRA DE SANTANA","113"
"2020-03-23","NITEROI","8"
"2021-08-01","JUNDIAI","41"
"2021-02-07","ACAILANDIA","3"
"2021-06-28","NITEROI","7253"
"2021-08-30","NITEROI","8305"
"2021-09-24","NITEROI","3908"
"2021-07-30","NITEROI","7522"
"2021-04-10","NITEROI","1513"
"2021-05-05","NITEROI","4163"
"2021-03-09","NITEROI","1337"
"2021-08-24","RIBEIRAO PRETO","1295"
"2021-05-11","RIBEIRAO PRETO","2666"
"2021-05-15","SANTA LUZIA","94"
"2021-07-27","DIVINOPOLIS","1183"
"2021-02-15","FEIRA DE SANTANA","281"
"2021-03-30","SANTA MARIA","6443"
"2021-05-13","DIVINOPOLIS","755"
"2021-01-20","FEIRA DE SANTANA","568"
"2021-03-23","SANTA LUZIA","898"
"2021-06-16","SANTA MARIA","1041"
"2021-03-22","JUNDIAI","797"
"2021-08-31","DIVINOPOLIS","1249"
"2021-09-11","JUNDIAI","4064"
"2021-09-18","JUNDIAI","3530"
"2021-02-07","NITEROI","7"
"2021-03-22","ACAILANDIA","23"
"2021-10-05","ACAILANDIA","2"
"2021-05-30","DIVINOPOLIS","2"
"2021-08-27","NITEROI","5530"
"2021-05-29","NITEROI","1441"
"2021-08-17","JUNDIAI","3735"
"2021-03-17","RIBEIRAO PRETO","965"
"2021-06-08","RIBEIRAO PRETO","1761"
"2021-05-06","JUNDIAI","1478"
"2021-04-07","PETROLINA","556"
"2021-04-26","ACAILANDIA","424"
"2021-04-06","SANTA MARIA","675"
"2021-03-10","MARINGA","177"
"2021-02-23","RIBEIRAO PRETO","178"
"2021-07-24","MARINGA","232"
"2021-08-29","NITEROI","19"
"2021-02-19","SANTA LUZIA","136"
"2021-08-10","ACAILANDIA","269"
"2021-05-18","ACAILANDIA","81"
"2021-09-10","RIBEIRAO PRETO","4326"
"2021-03-07","SANTA MARIA","3"
"2021-09-27","MARINGA","11"
"2021-10-07","SANTA LUZIA","6"
"2021-09-16","ACAILANDIA","580"
"2021-08-03","NITEROI","6369"
"2021-06-11","NITEROI","3890"
"2021-04-28","NITEROI","5792"
"2021-08-20","PETROLINA","1380"
"2021-08-27","ACAILANDIA","667"
"2021-07-14","RIBEIRAO PRETO","3726"
"2021-06-19","JUNDIAI","3737"
"2021-02-16","JUNDIAI","436"
"2021-03-29","MARINGA","2570"
"2021-05-24","MARINGA","1318"
"2021-07-21","MARINGA","1181"
"2021-03-25","MARINGA","1441"
"2021-06-10","SANTA MARIA","6739"
"2021-02-11","FEIRA DE SANTANA","407"
"2021-06-07","FEIRA DE SANTANA","1439"
"2021-06-18","DIVINOPOLIS","229"
"2021-07-24","RIBEIRAO PRETO","4401"
"2021-06-10","DIVINOPOLIS","486"
"2021-06-25","FEIRA DE SANTANA","243"
"2021-07-02","ACAILANDIA","273"
"2021-05-12","PETROLINA","228"
"2021-09-04","SANTA MARIA","694"
"2021-09-24","FEIRA DE SANTANA","68"
"2021-08-13","DIVINOPOLIS","826"
"2021-04-04","SANTA MARIA","7"
"2021-06-03","ACAILANDIA","22"
"2021-01-29","ACAILANDIA","63"
"2021-03-19","ACAILANDIA","7"
"2021-06-15","NITEROI","4918"
"2021-04-06","NITEROI","5219"
"2021-06-05","PETROLINA","1006"
"2021-03-23","MARINGA","555"
"2021-07-08","FEIRA DE SANTANA","1025"
"2021-04-01","FEIRA DE SANTANA","750"
"2021-07-21","DIVINOPOLIS","1055"
"2021-04-29","JUNDIAI","1477"
"2021-05-10","PETROLINA","567"
"2021-06-11","PETROLINA","903"
"2021-04-01","ACAILANDIA","226"
"2021-02-12","PETROLINA","300"
"2021-06-28","DIVINOPOLIS","81"
"2021-10-04","PETROLINA","2"
"2021-03-25","DIVINOPOLIS","487"
"2021-05-03","RIBEIRAO PRETO","552"
"2021-10-08","MARINGA","5"
"2021-03-22","PETROLINA","178"
"2021-10-04","SANTA LUZIA","8"
"2021-09-05","FEIRA DE SANTANA","32"
"2021-06-13","ACAILANDIA","13"
"2021-08-08","SANTA MARIA","12"
"2021-03-30","NITEROI","2827"
"2021-03-11","NITEROI","2476"
"2021-04-03","NITEROI","680"
"2021-08-27","JUNDIAI","1347"
"2021-05-19","MARINGA","2458"
"2021-03-05","FEIRA DE SANTANA","422"
"2021-03-03","MARINGA","1235"
"2021-05-21","SANTA MARIA","2220"
"2021-06-21","RIBEIRAO PRETO","4630"
"2021-05-20","MARINGA","2532"
"2021-02-19","FEIRA DE SANTANA","411"
"2021-04-17","DIVINOPOLIS","285"
"2021-04-25","FEIRA DE SANTANA","202"
"2021-02-23","DIVINOPOLIS","352"
"2021-09-02","MARINGA","906"
"2021-09-08","JUNDIAI","2560"
"2021-03-28","SANTA MARIA","38"
"2021-03-06","SANTA LUZIA","13"
"2021-03-22","NITEROI","4123"
"2021-02-15","NITEROI","1566"
"2021-06-30","DIVINOPOLIS","1069"
"2021-02-05","SANTA LUZIA","194"
"2021-05-25","SANTA LUZIA","717"
"2021-04-27","SANTA LUZIA","811"
"2021-06-28","ACAILANDIA","1047"
"2021-03-03","RIBEIRAO PRETO","1188"
"2021-08-02","JUNDIAI","1798"
"2021-05-01","PETROLINA","261"
"2021-09-09","SANTA LUZIA","1349"
"2021-05-17","SANTA MARIA","256"
"2021-09-14","RIBEIRAO PRETO","3739"
"2021-09-23","DIVINOPOLIS","52"
"2021-03-28","PETROLINA","22"
"2021-04-03","PETROLINA","391"
"2021-09-06","FEIRA DE SANTANA","77"
"2021-04-18","NITEROI","26"
"2021-01-28","MARINGA","459"
"2021-01-27","ACAILANDIA","16"
"2021-03-21","MARINGA","17"
"2021-01-18","RIBEIRAO PRETO","4"
"2021-03-01","NITEROI","2963"
"2021-07-21","RIBEIRAO PRETO","7653"
"2021-06-26","SANTA MARIA","4284"
"2021-07-23","JUNDIAI","2499"
"2021-03-03","JUNDIAI","816"
"2021-06-15","JUNDIAI","787"
"2021-05-03","ACAILANDIA","52"
"2021-05-14","SANTA MARIA","2971"
"2021-03-01","FEIRA DE SANTANA","102"
"2021-02-02","DIVINOPOLIS","37"
"2021-03-12","DIVINOPOLIS","382"
"2021-03-15","SANTA MARIA","167"
"2021-06-01","PETROLINA","613"
"2021-03-15","DIVINOPOLIS","346"
"2021-03-31","PETROLINA","84"
"2021-04-02","DIVINOPOLIS","13"
"2021-10-02","FEIRA DE SANTANA","6"
"2021-08-01","SANTA MARIA","8"
"2021-10-05","FEIRA DE SANTANA","3"
"2021-02-09","PETROLINA","47"
"2021-06-06","MARINGA","30"
"2021-04-20","NITEROI","6251"
"2021-08-20","SANTA MARIA","1694"
"2021-07-28","DIVINOPOLIS","1351"
"2021-07-19","MARINGA","2814"
"2021-06-30","MARINGA","2348"
"2021-06-26","RIBEIRAO PRETO","4199"
"2021-03-25","RIBEIRAO PRETO","260"
"2021-05-08","JUNDIAI","3226"
"2021-03-22","FEIRA DE SANTANA","785"
"2021-04-05","SANTA MARIA","1369"
"2021-05-14","RIBEIRAO PRETO","1728"
"2021-07-01","SANTA LUZIA","572"
"2021-07-06","MARINGA","1188"
"2021-05-25","SANTA MARIA","1834"
"2021-05-20","PETROLINA","369"
"2021-02-02","RIBEIRAO PRETO","625"
"2021-04-09","MARINGA","275"
"2021-04-12","FEIRA DE SANTANA","671"
"2021-02-02","SANTA MARIA","434"
"2021-04-08","MARINGA","166"
"2021-09-15","JUNDIAI","2402"
"2021-04-05","RIBEIRAO PRETO","227"
"2021-09-22","MARINGA","2138"
"2021-02-14","JUNDIAI","53"
"2021-09-03","FEIRA DE SANTANA","159"
"2021-01-31","FEIRA DE SANTANA","41"
"2021-02-20","JUNDIAI","42"
"2021-05-30","SANTA MARIA","3"
"2021-09-14","SANTA LUZIA","950"
"2021-05-28","JUNDIAI","1338"
"2021-06-13","PETROLINA","659"
"2021-06-29","SANTA LUZIA","997"
"2021-06-16","MARINGA","4232"
"2021-07-09","RIBEIRAO PRETO","7215"
"2021-02-01","RIBEIRAO PRETO","823"
"2021-05-03","FEIRA DE SANTANA","910"
"2021-01-21","FEIRA DE SANTANA","578"
"2021-06-25","DIVINOPOLIS","521"
"2021-04-29","MARINGA","527"
"2021-05-12","SANTA MARIA","2035"
"2021-09-20","SANTA MARIA","1142"
"2021-09-20","RIBEIRAO PRETO","1334"
"2021-05-23","RIBEIRAO PRETO","13"
"2021-08-22","SANTA MARIA","27"
"2021-09-02","SANTA LUZIA","1320"
"2021-09-14","PETROLINA","1077"
"2021-10-02","SANTA LUZIA","4"
"2021-10-04","MARINGA","5"
"2021-06-13","FEIRA DE SANTANA","10"
"2021-09-25","DIVINOPOLIS","3"
"2021-03-12","NITEROI","3757"
"2021-08-09","FEIRA DE SANTANA","3155"
"2021-09-06","NITEROI","1826"
"2021-09-04","MARINGA","472"
"2021-08-28","MARINGA","149"
"2021-07-02","DIVINOPOLIS","714"
"2021-03-02","SANTA MARIA","4637"
"2021-07-28","SANTA MARIA","2938"
"2021-07-01","PETROLINA","192"
"2021-03-23","PETROLINA","684"
"2021-04-01","SANTA LUZIA","496"
"2021-07-02","SANTA MARIA","1143"
"2021-05-12","DIVINOPOLIS","760"
"2021-04-28","JUNDIAI","876"
"2021-08-31","SANTA MARIA","5694"
"2021-02-12","MARINGA","283"
"2021-06-04","RIBEIRAO PRETO","162"
"2021-06-13","SANTA LUZIA","14"
"2021-04-15","DIVINOPOLIS","102"
"2021-08-21","PETROLINA","555"
"2021-02-18","DIVINOPOLIS","121"
"2021-01-30","MARINGA","382"
"2021-08-22","DIVINOPOLIS","34"
"2021-08-01","DIVINOPOLIS","3"
"2021-02-02","NITEROI","2258"
"2021-08-25","SANTA MARIA","4735"
"2021-05-25","JUNDIAI","911"
"2021-06-08","JUNDIAI","1069"
"2021-02-12","FEIRA DE SANTANA","358"
"2021-02-10","MARINGA","424"
"2021-07-23","SANTA MARIA","1382"
"2021-06-16","ACAILANDIA","687"
"2021-02-06","JUNDIAI","359"
"2021-03-16","RIBEIRAO PRETO","1112"
"2021-07-26","SANTA MARIA","1216"
"2021-03-24","JUNDIAI","1261"
"2021-04-24","DIVINOPOLIS","550"
"2021-02-25","SANTA MARIA","461"
"2021-09-13","RIBEIRAO PRETO","4041"
"2021-02-26","DIVINOPOLIS","264"
"2021-09-22","JUNDIAI","256"
"2021-02-06","NITEROI","72"
"2021-03-10","SANTA LUZIA","201"
"2021-03-02","ACAILANDIA","110"
"2021-10-01","DIVINOPOLIS","3"
"2021-02-14","RIBEIRAO PRETO","23"
"2021-08-18","ACAILANDIA","1546"
"2021-09-03","MARINGA","1586"
"2021-09-27","JUNDIAI","10"
"2021-01-27","DIVINOPOLIS","21"
"2021-09-27","PETROLINA","7"
"2021-06-01","NITEROI","4818"
"2021-06-11","MARINGA","3249"
"2021-06-30","SANTA LUZIA","742"
"2021-05-20","JUNDIAI","1328"
"2021-06-26","FEIRA DE SANTANA","142"
"2021-07-14","FEIRA DE SANTANA","344"
"2021-02-18","SANTA LUZIA","188"
"2021-02-05","DIVINOPOLIS","40"
"2021-07-10","SANTA MARIA","1467"
"2021-09-08","SANTA MARIA","1729"
"2021-09-23","PETROLINA","98"
"2021-07-18","MARINGA","64"
"2021-02-15","SANTA MARIA","25"
"2021-09-13","DIVINOPOLIS","1850"
"2021-08-01","RIBEIRAO PRETO","20"
"2021-09-30","NITEROI","3269"
"2021-03-10","NITEROI","3587"
"2021-08-03","FEIRA DE SANTANA","3835"
"2021-07-07","JUNDIAI","2577"
"2021-05-16","PETROLINA","495"
"2021-02-15","JUNDIAI","452"
"2021-04-17","FEIRA DE SANTANA","1444"
"2021-02-05","SANTA MARIA","774"
"2021-04-07","RIBEIRAO PRETO","1431"
"2021-02-06","SANTA MARIA","54"
"2021-05-29","RIBEIRAO PRETO","97"
"2021-08-12","SANTA LUZIA","1800"
"2021-03-31","MARINGA","322"
"2021-03-23","DIVINOPOLIS","420"
"2021-01-25","SANTA LUZIA","167"
"2021-09-12","NITEROI","5"
"2021-07-31","ACAILANDIA","21"
"2021-08-26","DIVINOPOLIS","1625"
"2021-08-29","ACAILANDIA","6"
"2021-09-20","ACAILANDIA","98"
"2021-10-09","MARINGA","3"
,"DIVINOPOLIS","2"
"2021-08-06","NITEROI","3671"
"2021-08-27","SANTA MARIA","718"
"2021-08-16","SANTA LUZIA","1342"
"2021-05-18","RIBEIRAO PRETO","1653"
"2021-06-07","DIVINOPOLIS","380"
"2021-07-17","FEIRA DE SANTANA","1922"
"2021-05-29","SANTA MARIA","1927"
"2021-07-24","PETROLINA","1045"
"2021-06-18","FEIRA DE SANTANA","1301"
"2021-03-26","MARINGA","1536"
"2021-03-18","SANTA MARIA","621"
"2021-03-25","SANTA MARIA","807"
"2021-08-23","PETROLINA","1099"
"2021-03-18","DIVINOPOLIS","437"
"2021-01-25","ACAILANDIA","35"
"2021-09-14","JUNDIAI","1199"
"2021-09-16","RIBEIRAO PRETO","3576"
"2021-09-12","RIBEIRAO PRETO","17"
"2021-03-14","JUNDIAI","15"
"2021-07-17","ACAILANDIA","26"
"2021-04-04","MARINGA","4"
"2021-07-08","JUNDIAI","3045"
"2021-06-28","FEIRA DE SANTANA","3313"
"2021-05-26","MARINGA","1129"
"2021-04-13","SANTA MARIA","668"
"2021-05-24","JUNDIAI","788"
"2021-02-10","SANTA LUZIA","450"
"2021-08-07","MARINGA","442"
"2021-08-08","ACAILANDIA","9"
"2021-09-18","PETROLINA","837"
"2021-10-09","DIVINOPOLIS","1"
"2021-05-01","NITEROI","1040"
"2021-06-14","SANTA MARIA","789"
"2021-02-04","JUNDIAI","374"
"2021-05-21","JUNDIAI","1335"
"2021-03-09","DIVINOPOLIS","318"
"2021-07-03","SANTA MARIA","2104"
"2021-07-01","MARINGA","345"
"2021-06-14","DIVINOPOLIS","99"
"2021-03-12","RIBEIRAO PRETO","288"
"2021-09-21","MARINGA","2574"
"2021-10-16","JUNDIAI","2"
"2021-01-30","ACAILANDIA","20"
"2021-03-13","ACAILANDIA","9"
"2021-10-07","JUNDIAI","5"
"2021-10-11","MARINGA","1"
"2021-04-04","ACAILANDIA","2"
"2021-09-28","NITEROI","4654"
"2021-07-24","NITEROI","1121"
"2021-05-26","PETROLINA","548"
"2021-04-12","SANTA LUZIA","264"
"2021-07-17","JUNDIAI","3035"
"2021-06-15","PETROLINA","926"
"2021-05-15","SANTA MARIA","2448"
"2021-06-14","FEIRA DE SANTANA","718"
"2021-03-09","MARINGA","325"
"2021-08-11","JUNDIAI","3216"
"2021-02-19","SANTA MARIA","1746"
"2021-04-22","DIVINOPOLIS","656"
"2021-01-28","PETROLINA","305"
"2021-08-08","FEIRA DE SANTANA","13"
"2021-07-21","ACAILANDIA","145"
"2021-02-06","MARINGA","147"
"2021-03-18","ACAILANDIA","70"
"2021-10-09","SANTA MARIA","4"
"2021-09-18","SANTA LUZIA","61"
"2021-02-04","ACAILANDIA","8"
"2021-02-28","MARINGA","14"
"2021-09-24","ACAILANDIA","575"
"2021-02-18","JUNDIAI","612"
"2021-08-23","SANTA MARIA","926"
"2021-08-04","MARINGA","846"
"2021-03-27","RIBEIRAO PRETO","4599"
"2021-06-01","FEIRA DE SANTANA","585"
"2021-06-01","SANTA MARIA","6348"
"2021-02-05","FEIRA DE SANTANA","177"
"2021-02-16","SANTA MARIA","45"
"2021-07-23","ACAILANDIA","185"
"2021-09-22","SANTA LUZIA","1057"
"2021-07-02","MARINGA","266"
"2021-10-06","SANTA MARIA","6"
"2021-05-28","DIVINOPOLIS","53"
"2021-10-06","ACAILANDIA","1"
"2021-03-03","ACAILANDIA","66"
"2021-08-23","ACAILANDIA","225"
"2021-02-06","FEIRA DE SANTANA","30"
"2021-08-12","NITEROI","4432"
"2021-06-29","MARINGA","2336"
"2021-03-27","JUNDIAI","2495"
"2021-01-26","FEIRA DE SANTANA","736"
"2021-03-14","FEIRA DE SANTANA","22"
"2021-08-31","JUNDIAI","2753"
"2021-08-25","DIVINOPOLIS","1606"
"2021-02-20","SANTA LUZIA","152"
"2021-08-12","PETROLINA","1236"
"2021-09-11","SANTA MARIA","2715"
"2021-10-13","MARINGA","4"
"2021-10-15","RIBEIRAO PRETO","4"
"2021-06-06","NITEROI","23"
"2021-05-29","ACAILANDIA","10"
"2021-09-04","ACAILANDIA","27"
"2021-07-19","NITEROI","10013"
"2021-03-23","NITEROI","1349"
"2021-06-25","RIBEIRAO PRETO","3663"
"2021-05-01","DIVINOPOLIS","693"
"2021-04-03","SANTA MARIA","4474"
"2021-05-03","MARINGA","1528"
"2021-05-07","DIVINOPOLIS","941"
"2021-05-21","RIBEIRAO PRETO","1931"
"2021-08-26","SANTA MARIA","1089"
"2021-03-13","FEIRA DE SANTANA","676"
"2021-03-29","FEIRA DE SANTANA","1675"
"2021-04-05","FEIRA DE SANTANA","887"
"2021-03-20","MARINGA","823"
"2021-07-26","DIVINOPOLIS","1093"
"2021-04-15","ACAILANDIA","151"
"2021-09-23","FEIRA DE SANTANA","70"
"2021-06-30","FEIRA DE SANTANA","416"
"2021-09-03","PETROLINA","235"
"2021-05-08","SANTA LUZIA","61"
"2021-08-03","DIVINOPOLIS","1086"
"2021-02-21","NITEROI","45"
"2021-09-23","SANTA LUZIA","702"
"2021-02-22","JUNDIAI","99"
"2021-03-01","PETROLINA","26"
"2021-08-22","RIBEIRAO PRETO","38"
"2021-03-13","SANTA LUZIA","7"
"2021-09-12","SANTA LUZIA","13"
,"FEIRA DE SANTANA","4"
"2021-02-20","MARINGA","2"
"2021-10-05","NITEROI","3710"
"2021-09-11","NITEROI","1237"
"2021-07-27","JUNDIAI","2553"
"2021-03-01","MARINGA","988"
"2021-04-10","SANTA MARIA","3260"
"2021-07-01","JUNDIAI","1134"
"2021-04-09","SANTA LUZIA","525"
"2021-03-08","RIBEIRAO PRETO","746"
"2021-05-22","PETROLINA","1245"
"2021-10-07","FEIRA DE SANTANA","9"
"2021-09-28","ACAILANDIA","2"
"2021-01-22","FEIRA DE SANTANA","311"
"2021-09-08","DIVINOPOLIS","1451"
"2021-07-25","NITEROI","18"
"2021-10-11","FEIRA DE SANTANA","5"
"2020-03-23","ACAILANDIA","4"
"2021-09-12","FEIRA DE SANTANA","17"
"2021-10-07","SANTA MARIA","2"
"2021-05-28","NITEROI","4482"
"2021-06-04","NITEROI","1501"
"2021-03-24","NITEROI","4574"
"2021-04-21","MARINGA","1694"
"2021-08-09","RIBEIRAO PRETO","4854"
"2021-03-24","SANTA LUZIA","452"
"2021-06-14","MARINGA","3651"
"2021-01-29","SANTA MARIA","1941"
"2021-03-03","DIVINOPOLIS","190"
"2021-07-19","SANTA LUZIA","761"
"2021-04-19","ACAILANDIA","233"
"2021-05-19","SANTA MARIA","4683"
"2021-07-01","SANTA MARIA","411"
"2021-03-18","MARINGA","72"
"2021-02-15","RIBEIRAO PRETO","484"
"2021-09-08","RIBEIRAO PRETO","3598"
"2021-04-16","ACAILANDIA","156"
"2021-07-27","SANTA LUZIA","853"
"2021-01-31","RIBEIRAO PRETO","18"
"2021-09-10","ACAILANDIA","696"
"2021-10-13","SANTA LUZIA","6"
"2021-01-29","DIVINOPOLIS","9"
"2021-01-19","RIBEIRAO PRETO","155"
"2021-05-30","RIBEIRAO PRETO","8"
"2021-04-30","FEIRA DE SANTANA","1320"
"2021-04-23","SANTA LUZIA","892"
"2021-03-25","FEIRA DE SANTANA","1095"
"2021-08-06","RIBEIRAO PRETO","7119"
"2021-04-12","PETROLINA","509"
"2021-04-23","PETROLINA","392"
"2021-03-24","PETROLINA","699"
"2021-07-01","DIVINOPOLIS","1421"
"2021-06-24","ACAILANDIA","164"
"2021-05-05","MARINGA","774"
"2021-04-07","JUNDIAI","387"
"2021-07-12","DIVINOPOLIS","1724"
"2021-08-14","JUNDIAI","5497"
"2021-02-11","MARINGA","385"
"2021-04-09","PETROLINA","524"
"2021-02-28","FEIRA DE SANTANA","44"
"2021-05-19","ACAILANDIA","90"
"2021-05-31","SANTA LUZIA","483"
"2021-02-12","SANTA LUZIA","306"
"2021-06-02","ACAILANDIA","179"
"2021-01-25","DIVINOPOLIS","24"
"2021-07-04","JUNDIAI","24"
"2021-08-29","SANTA MARIA","5"
"2021-01-18","SANTA MARIA","2"
"2021-09-12","PETROLINA","685"
"2021-09-29","PETROLINA","1"
"2021-03-21","ACAILANDIA","2"
"2021-05-02","RIBEIRAO PRETO","11"
"2021-02-20","PETROLINA","4"
"2021-07-27","NITEROI","6065"
"2021-05-24","FEIRA DE SANTANA","2200"
"2021-06-23","RIBEIRAO PRETO","3730"
"2021-08-10","RIBEIRAO PRETO","8231"
"2021-07-12","ACAILANDIA","390"
"2021-07-22","MARINGA","3487"
"2021-06-04","PETROLINA","814"
"2021-03-23","FEIRA DE SANTANA","747"
"2021-08-02","MARINGA","2242"
"2021-07-30","JUNDIAI","1582"
"2021-07-30","FEIRA DE SANTANA","1598"
"2021-04-22","FEIRA DE SANTANA","1179"
"2021-04-14","MARINGA","715"
"2021-02-23","SANTA MARIA","2543"
"2021-07-08","SANTA MARIA","3654"
"2021-02-17","JUNDIAI","545"
"2021-03-13","JUNDIAI","397"
"2021-04-17","JUNDIAI","748"
"2021-06-09","FEIRA DE SANTANA","287"
"2021-10-01","RIBEIRAO PRETO","7"
"2021-09-25","JUNDIAI","9"
"2021-09-17","FEIRA DE SANTANA","127"
"2021-05-15","FEIRA DE SANTANA","250"
"2021-09-16","PETROLINA","1289"
"2021-09-05","MARINGA","11"
"2021-02-03","NITEROI","1551"
"2021-07-24","JUNDIAI","3745"
"2021-07-05","JUNDIAI","1337"
"2021-06-14","JUNDIAI","822"
"2021-06-24","DIVINOPOLIS","476"
"2021-10-02","SANTA MARIA","1139"
"2021-02-25","SANTA LUZIA","125"
"2021-04-21","FEIRA DE SANTANA","709"
"2021-08-20","SANTA LUZIA","1102"
"2021-03-19","DIVINOPOLIS","310"
"2021-08-13","RIBEIRAO PRETO","9871"
"2021-04-16","DIVINOPOLIS","110"
"2021-09-02","FEIRA DE SANTANA","203"
"2021-10-14","SANTA MARIA","3"
"2021-09-18","MARINGA","164"
"2021-02-27","JUNDIAI","41"
"2021-09-05","JUNDIAI","19"
"2021-03-07","FEIRA DE SANTANA","8"
"2021-08-16","NITEROI","8767"
"2021-07-16","NITEROI","5709"
"2021-08-27","RIBEIRAO PRETO","2850"
"2021-08-13","SANTA MARIA","1640"
"2021-06-12","JUNDIAI","1520"
"2021-04-22","RIBEIRAO PRETO","3420"
"2021-06-30","ACAILANDIA","948"
"2021-04-01","MARINGA","352"
"2021-08-04","FEIRA DE SANTANA","922"
"2021-01-20","MARINGA","183"
"2021-04-15","FEIRA DE SANTANA","1221"
"2021-09-01","SANTA MARIA","2405"
"2021-02-18","ACAILANDIA","64"
"2021-07-05","PETROLINA","221"
"2021-08-30","RIBEIRAO PRETO","1763"
"2021-05-17","SANTA LUZIA","677"
"2021-09-01","DIVINOPOLIS","993"
"2021-08-21","NITEROI","1416"
"2021-08-18","FEIRA DE SANTANA","351"
"2021-05-31","RIBEIRAO PRETO","1705"
"2021-03-27","MARINGA","2438"
"2021-06-23","MARINGA","2277"
"2021-03-02","FEIRA DE SANTANA","762"
"2021-05-28","MARINGA","866"
"2021-02-17","RIBEIRAO PRETO","634"
"2021-03-26","SANTA MARIA","506"
"2021-03-31","FEIRA DE SANTANA","1160"
"2021-05-26","FEIRA DE SANTANA","327"
"2021-03-03","PETROLINA","238"
"2021-04-16","SANTA MARIA","643"
"2021-05-08","RIBEIRAO PRETO","117"
"2021-09-10","JUNDIAI","3486"
"2021-09-23","ACAILANDIA","191"
"2021-07-31","PETROLINA","755"
"2021-08-01","FEIRA DE SANTANA","33"
"2021-09-12","ACAILANDIA","8"
"2020-03-23","FEIRA DE SANTANA","6"
"2021-08-02","SANTA LUZIA","758"
"2021-06-10","NITEROI","2468"
"2021-05-25","MARINGA","1446"
"2021-08-06","FEIRA DE SANTANA","2436"
"2021-05-20","RIBEIRAO PRETO","1192"
"2021-07-16","FEIRA DE SANTANA","698"
"2021-03-30","MARINGA","1732"
"2021-06-14","SANTA LUZIA","1575"
"2021-04-12","JUNDIAI","1544"
"2021-07-26","ACAILANDIA","707"
"2021-07-09","PETROLINA","768"
"2021-07-03","MARINGA","318"
"2021-03-08","FEIRA DE SANTANA","420"
"2021-03-16","FEIRA DE SANTANA","727"
"2021-03-13","NITEROI","155"
"2021-06-27","SANTA MARIA","12"
"2021-04-04","NITEROI","35"
"2021-07-25","SANTA LUZIA","9"
"2021-04-11","RIBEIRAO PRETO","14"
"2021-09-07","PETROLINA","376"
"2021-09-11","ACAILANDIA","39"
"2021-07-18","SANTA LUZIA","8"
"2021-01-24","MARINGA","5"
"2021-05-01","ACAILANDIA","8"
"2021-07-22","NITEROI","6321"
"2021-04-29","NITEROI","9451"
"2021-07-10","JUNDIAI","4999"
"2021-02-05","PETROLINA","139"
"2021-04-17","MARINGA","266"
"2021-05-28","FEIRA DE SANTANA","1422"
"2021-07-29","ACAILANDIA","364"
"2021-06-04","SANTA MARIA","1367"
"2021-05-01","FEIRA DE SANTANA","631"
"2021-06-24","SANTA LUZIA","532"
"2021-04-28","FEIRA DE SANTANA","534"
"2021-03-23","RIBEIRAO PRETO","198"
"2021-03-20","JUNDIAI","736"
"2021-03-01","JUNDIAI","422"
"2021-06-27","MARINGA","43"
"2021-08-17","ACAILANDIA","142"
"2021-09-07","SANTA LUZIA","12"
"2021-07-11","RIBEIRAO PRETO","26"
"2021-09-22","DIVINOPOLIS","64"
"2021-08-13","NITEROI","6386"
"2021-03-27","SANTA MARIA","1486"
"2021-07-26","PETROLINA","229"
"2021-07-09","JUNDIAI","1745"
"2021-06-08","SANTA LUZIA","877"
"2021-01-26","RIBEIRAO PRETO","914"
"2021-08-09","DIVINOPOLIS","676"
"2021-02-23","SANTA LUZIA","66"
"2021-05-24","SANTA LUZIA","687"
"2021-03-21","PETROLINA","334"
"2021-05-16","JUNDIAI","24"
"2021-01-27","FEIRA DE SANTANA","277"
"2021-05-12","SANTA LUZIA","493"
"2021-07-27","ACAILANDIA","320"
"2021-08-30","FEIRA DE SANTANA","277"
"2021-08-10","DIVINOPOLIS","782"
"2021-10-15","NITEROI","4009"
"2021-04-03","MARINGA","58"
"2021-06-05","DIVINOPOLIS","22"
"2021-10-16","FEIRA DE SANTANA","2"
"2021-08-22","PETROLINA","450"
"2021-09-25","PETROLINA","5"
"2021-02-07","SANTA LUZIA","4"
"2021-05-30","ACAILANDIA","6"
"2021-04-04","DIVINOPOLIS","2"
"2021-04-06","SANTA LUZIA","706"
"2021-03-20","SANTA MARIA","5759"
"2021-04-24","PETROLINA","527"
"2021-04-01","SANTA MARIA","8605"
"2021-03-29","SANTA LUZIA","1436"
"2021-05-07","RIBEIRAO PRETO","2391"
"2021-02-12","DIVINOPOLIS","141"
"2021-07-26","SANTA LUZIA","951"
"2021-08-31","FEIRA DE SANTANA","277"
"2021-04-06","MARINGA","895"
"2021-02-08","MARINGA","324"
"2021-01-21","JUNDIAI","242"
"2021-03-12","SANTA LUZIA","278"
"2021-10-06","RIBEIRAO PRETO","13"
"2021-06-24","PETROLINA","77"
"2021-03-13","DIVINOPOLIS","3"
"2021-08-22","MARINGA","32"
"2021-05-09","SANTA LUZIA","2"
"2021-08-17","RIBEIRAO PRETO","3199"
"2021-08-27","FEIRA DE SANTANA","211"
"2021-03-08","MARINGA","785"
"2021-09-06","ACAILANDIA","44"
"2021-06-24","MARINGA","1897"
"2021-03-28","MARINGA","1314"
"2021-02-03","RIBEIRAO PRETO","1357"
"2021-03-02","MARINGA","586"
"2021-07-15","SANTA MARIA","1391"
"2021-04-24","SANTA LUZIA","119"
"2021-09-01","MARINGA","1212"
"2021-03-08","PETROLINA","145"
"2021-05-04","JUNDIAI","313"
"2021-04-06","PETROLINA","185"
"2021-02-08","PETROLINA","46"
"2021-09-02","DIVINOPOLIS","873"
"2021-06-06","RIBEIRAO PRETO","15"
"2021-06-07","ACAILANDIA","117"
"2021-02-02","SANTA LUZIA","219"
"2021-09-10","SANTA LUZIA","1113"
"2021-05-30","FEIRA DE SANTANA","10"
"2021-01-30","DIVINOPOLIS","2"
"2021-08-18","NITEROI","8998"
"2021-07-19","RIBEIRAO PRETO","3025"
"2021-07-27","RIBEIRAO PRETO","3222"
"2021-07-29","JUNDIAI","1834"
"2021-07-07","RIBEIRAO PRETO","3869"
"2021-06-28","MARINGA","2699"
"2021-06-21","PETROLINA","239"
"2021-05-04","SANTA LUZIA","503"
"2021-07-17","MARINGA","258"
"2021-05-03","SANTA MARIA","519"
"2021-08-31","RIBEIRAO PRETO","2510"
"2021-02-16","FEIRA DE SANTANA","477"
"2021-07-30","ACAILANDIA","247"
"2021-09-11","SANTA LUZIA","94"
"2021-02-24","PETROLINA","103"
"2021-05-02","PETROLINA","81"
,"MARINGA","5"
"2021-06-13","RIBEIRAO PRETO","16"
"2021-09-21","ACAILANDIA","533"
"2021-04-04","JUNDIAI","6"
"2021-02-28","ACAILANDIA","1"
"2021-08-24","NITEROI","6142"
"2021-06-16","NITEROI","5769"
"2021-08-28","NITEROI","1566"
"2021-08-19","SANTA LUZIA","1102"
"2021-04-19","MARINGA","3405"
"2021-05-27","FEIRA DE SANTANA","3416"
"2021-07-16","JUNDIAI","2934"
"2021-08-07","FEIRA DE SANTANA","233"
"2021-01-22","SANTA MARIA","336"
"2021-06-25","MARINGA","473"
"2021-02-20","RIBEIRAO PRETO","225"
"2021-05-04","DIVINOPOLIS","569"
"2021-07-31","FEIRA DE SANTANA","144"
"2021-07-18","SANTA MARIA","64"
"2021-09-06","PETROLINA","772"
"2021-02-03","DIVINOPOLIS","36"
"2021-07-18","DIVINOPOLIS","5"
"2020-03-23","PETROLINA","19"
"2021-07-13","NITEROI","6857"
"2021-07-29","NITEROI","6608"
"2021-05-25","NITEROI","4318"
"2021-08-25","MARINGA","1762"
"2021-06-11","SANTA LUZIA","918"
"2021-05-25","DIVINOPOLIS","492"
"2021-06-06","PETROLINA","852"
"2021-07-14","JUNDIAI","616"
"2021-05-01","RIBEIRAO PRETO","42"
"2021-07-08","ACAILANDIA","307"
"2021-06-05","SANTA LUZIA","311"
"2021-07-15","MARINGA","319"
"2021-09-24","SANTA MARIA","1925"
"2021-06-28","SANTA MARIA","345"
"2021-05-14","DIVINOPOLIS","680"
"2021-03-06","PETROLINA","42"
"2021-05-10","SANTA LUZIA","431"
"2021-02-10","FEIRA DE SANTANA","244"
"2021-04-25","ACAILANDIA","6"
"2021-08-20","NITEROI","6366"
"2021-07-23","MARINGA","1019"
"2021-08-05","RIBEIRAO PRETO","2200"
"2021-06-12","MARINGA","976"
"2021-06-22","RIBEIRAO PRETO","4533"
"2021-03-31","SANTA LUZIA","1067"
"2021-06-25","JUNDIAI","990"
"2021-05-17","MARINGA","729"
"2021-05-18","FEIRA DE SANTANA","975"
"2021-01-21","RIBEIRAO PRETO","406"
"2021-04-13","FEIRA DE SANTANA","637"
"2021-02-19","PETROLINA","143"
"2021-04-13","ACAILANDIA","242"
"2021-02-20","NITEROI","62"
"2021-10-09","FEIRA DE SANTANA","3"
"2021-08-02","ACAILANDIA","172"
"2021-09-10","DIVINOPOLIS","2001"
"2021-10-06","JUNDIAI","4"
"2021-05-15","ACAILANDIA","17"
"2021-09-30","SANTA LUZIA","7"
"2021-09-05","ACAILANDIA","11"
"2021-04-26","NITEROI","10284"
"2021-07-15","SANTA LUZIA","1093"
"2021-08-27","MARINGA","1249"
"2021-04-21","ACAILANDIA","349"
"2021-03-04","SANTA LUZIA","190"
"2021-08-06","JUNDIAI","1799"
"2021-05-18","PETROLINA","370"
"2021-02-19","JUNDIAI","434"
"2021-07-31","DIVINOPOLIS","666"
"2021-02-16","DIVINOPOLIS","111"
"2021-04-19","SANTA MARIA","508"
"2021-02-09","NITEROI","424"
"2021-07-20","SANTA LUZIA","1191"
"2021-06-03","SANTA LUZIA","170"
"2021-04-14","SANTA LUZIA","547"
"2021-10-08","SANTA MARIA","8"
"2021-05-07","ACAILANDIA","199"
"2021-06-22","ACAILANDIA","74"
"2021-08-07","ACAILANDIA","57"
"2021-09-21","FEIRA DE SANTANA","181"
"2021-07-11","FEIRA DE SANTANA","13"
"2021-08-25","ACAILANDIA","188"
"2021-10-10","NITEROI","2"
"2021-07-20","NITEROI","8049"
"2021-09-08","NITEROI","11311"
"2021-07-10","NITEROI","2593"
"2021-07-02","NITEROI","5263"
"2021-09-17","JUNDIAI","1762"
"2021-02-13","NITEROI","189"
"2021-05-16","NITEROI","56"
"2021-04-01","JUNDIAI","1215"
"2021-05-13","RIBEIRAO PRETO","1593"
"2021-07-19","PETROLINA","882"
"2021-08-13","JUNDIAI","5177"
"2021-04-22","JUNDIAI","1192"
"2021-07-09","MARINGA","518"
"2021-02-24","RIBEIRAO PRETO","243"
"2021-07-05","SANTA MARIA","962"
"2021-04-08","SANTA MARIA","607"
"2021-07-20","PETROLINA","395"
"2021-08-14","RIBEIRAO PRETO","555"
"2021-08-31","PETROLINA","1074"
"2021-03-17","MARINGA","80"
"2021-01-24","RIBEIRAO PRETO","84"
"2021-08-15","JUNDIAI","246"
"2021-09-18","RIBEIRAO PRETO","171"
"2021-02-03","ACAILANDIA","16"
"2021-04-11","SANTA LUZIA","1"
"2021-04-09","NITEROI","7229"
"2021-01-27","NITEROI","2440"
"2021-08-19","NITEROI","8542"
"2021-08-28","RIBEIRAO PRETO","167"
"2021-07-03","RIBEIRAO PRETO","1297"
"2021-07-28","JUNDIAI","1519"
"2021-05-14","FEIRA DE SANTANA","1124"
"2021-05-20","SANTA MARIA","2596"
"2021-06-08","SANTA MARIA","3293"
"2021-02-27","RIBEIRAO PRETO","72"
"2021-05-26","ACAILANDIA","160"
"2021-07-27","PETROLINA","308"
"2021-08-30","MARINGA","3058"
"2021-08-13","FEIRA DE SANTANA","701"
"2021-04-11","PETROLINA","72"
"2021-09-30","SANTA MARIA","136"
"2021-09-14","SANTA MARIA","5797"
"2021-06-19","ACAILANDIA","65"
"2021-01-25","PETROLINA","107"
"2021-07-05","ACAILANDIA","303"
"2021-09-14","FEIRA DE SANTANA","224"
"2020-03-23","MARINGA","8"
"2021-10-14","FEIRA DE SANTANA","9"
,"NITEROI","8"
"2021-07-25","DIVINOPOLIS","2"
"2021-08-08","RIBEIRAO PRETO","9"
"2021-02-06","DIVINOPOLIS","2"
"2021-10-11","NITEROI","3606"
"2021-10-04","NITEROI","4499"
"2021-08-10","NITEROI","6476"
"2021-07-13","PETROLINA","1054"
"2021-04-05","PETROLINA","550"
"2021-03-16","SANTA LUZIA","246"
"2021-08-06","PETROLINA","1658"
"2021-05-06","PETROLINA","338"
"2021-04-28","RIBEIRAO PRETO","2650"
"2021-05-12","MARINGA","611"
"2021-03-13","SANTA MARIA","4284"
"2021-06-08","MARINGA","1825"
"2021-02-09","RIBEIRAO PRETO","659"
"2021-05-14","MARINGA","750"
"2021-03-30","PETROLINA","647"
"2021-05-27","JUNDIAI","1319"
"2021-05-26","SANTA LUZIA","791"
"2021-03-10","RIBEIRAO PRETO","881"
"2021-06-09","SANTA MARIA","2091"
"2021-04-07","SANTA MARIA","472"
"2021-05-03","JUNDIAI","226"
"2021-03-06","NITEROI","140"
"2021-09-10","MARINGA","3523"
"2021-09-20","MARINGA","4100"
"2021-09-19","PETROLINA","836"
"2021-09-19","MARINGA","9"
"2021-02-28","JUNDIAI","13"
"2021-04-03","SANTA LUZIA","14"
"2021-02-26","NITEROI","2472"
"2021-05-10","NITEROI","5536"
"2021-06-05","NITEROI","1399"
"2021-02-12","NITEROI","2117"
"2021-02-23","MARINGA","178"
"2021-06-17","JUNDIAI","2937"
"2021-03-30","SANTA LUZIA","1272"
"2021-03-19","FEIRA DE SANTANA","1970"
"2021-07-07","FEIRA DE SANTANA","551"
"2021-04-13","JUNDIAI","1406"
"2021-06-09","DIVINOPOLIS","710"
"2021-05-15","DIVINOPOLIS","732"
"2021-05-22","JUNDIAI","3122"
"2021-02-02","MARINGA","295"
"2021-04-14","DIVINOPOLIS","125"
"2021-04-25","JUNDIAI","21"
"2021-01-30","SANTA MARIA","78"
"2021-02-11","ACAILANDIA","42"
"2021-04-27","PETROLINA","135"
"2021-09-30","RIBEIRAO PRETO","6"
"2021-10-05","SANTA LUZIA","5"
"2021-06-30","NITEROI","9366"
"2021-09-23","NITEROI","4221"
"2021-07-06","NITEROI","7087"
"2021-08-26","FEIRA DE SANTANA","194"
"2021-06-03","FEIRA DE SANTANA","4590"
"2021-06-18","SANTA MARIA","3559"
"2021-03-08","SANTA LUZIA","279"
"2021-04-27","MARINGA","800"
"2021-07-12","JUNDIAI","572"
"2021-05-25","PETROLINA","642"
"2021-04-08","RIBEIRAO PRETO","841"
"2021-04-10","JUNDIAI","867"
"2021-06-25","ACAILANDIA","67"
"2021-03-20","DIVINOPOLIS","174"
"2021-01-29","FEIRA DE SANTANA","482"
"2021-04-09","RIBEIRAO PRETO","226"
"2021-09-09","MARINGA","3827"
"2021-05-13","PETROLINA","224"
"2021-03-07","PETROLINA","42"
"2021-10-16","ACAILANDIA","1"
"2021-03-07","SANTA LUZIA","1"
"2021-05-09","MARINGA","1"
"2021-06-18","NITEROI","5432"
"2021-09-22","NITEROI","5545"
"2021-05-17","NITEROI","4078"
"2021-08-06","SANTA LUZIA","1033"
"2021-08-28","DIVINOPOLIS","727"
"2021-03-17","DIVINOPOLIS","441"
"2021-04-15","RIBEIRAO PRETO","1681"
"2021-04-14","JUNDIAI","1499"
"2021-07-09","SANTA LUZIA","1129"
"2021-05-27","PETROLINA","800"
"2021-01-25","SANTA MARIA","149"
"2021-03-29","JUNDIAI","949"
"2021-10-08","DIVINOPOLIS","3"
"2021-08-05","SANTA MARIA","3577"
"2021-03-04","SANTA MARIA","561"
"2021-07-16","PETROLINA","352"
"2021-02-27","DIVINOPOLIS","3"
"2021-08-15","NITEROI","31"
"2021-06-17","DIVINOPOLIS","112"
"2021-05-22","MARINGA","263"
"2021-02-17","DIVINOPOLIS","136"
"2021-04-18","SANTA MARIA","38"
"2021-10-05","PETROLINA","2"
"2021-08-08","MARINGA","5"
"2021-07-04","DIVINOPOLIS","3"
"2021-07-14","MARINGA","329"
"2021-02-16","NITEROI","840"
"2021-05-11","MARINGA","1014"
"2021-06-18","MARINGA","4123"
"2021-04-17","SANTA MARIA","5214"
"2021-05-31","ACAILANDIA","243"
"2021-03-10","SANTA MARIA","541"
"2021-02-09","SANTA LUZIA","430"
"2021-03-02","DIVINOPOLIS","339"
"2021-09-02","PETROLINA","1015"
"2021-05-05","ACAILANDIA","81"
"2021-05-12","RIBEIRAO PRETO","602"
"2021-08-09","PETROLINA","779"
"2021-10-16","NITEROI","329"
"2021-09-28","MARINGA","9"
"2021-03-13","MARINGA","48"
"2021-05-16","RIBEIRAO PRETO","14"
"2021-02-15","SANTA LUZIA","123"
"2021-09-13","ACAILANDIA","686"
"2021-04-25","RIBEIRAO PRETO","23"
"2021-10-15","ACAILANDIA","1"
"2021-07-10","ACAILANDIA","39"
"2021-03-01","ACAILANDIA","29"
"2021-01-21","ACAILANDIA","22"
"2020-03-23","SANTA MARIA","1"
"2021-08-23","NITEROI","8119"
"2021-09-27","NITEROI","5229"
"2021-03-20","NITEROI","109"
"2021-06-22","JUNDIAI","1105"
"2021-07-12","MARINGA","2972"
"2021-05-03","SANTA LUZIA","485"
"2021-05-06","FEIRA DE SANTANA","1044"
"2021-04-05","SANTA LUZIA","934"
"2021-04-21","SANTA LUZIA","563"
"2021-03-19","RIBEIRAO PRETO","2025"
"2021-06-19","PETROLINA","1928"
"2021-06-02","SANTA LUZIA","782"
"2021-09-16","SANTA LUZIA","776"
"2021-06-04","DIVINOPOLIS","63"
"2021-03-16","ACAILANDIA","166"
,"SANTA LUZIA","7"
"2021-02-03","FEIRA DE SANTANA","749"
"2021-02-06","PETROLINA","108"
"2021-09-21","DIVINOPOLIS","538"
"2021-07-11","SANTA MARIA","9"
"2021-03-06","DIVINOPOLIS","4"
"2021-06-20","DIVINOPOLIS","3"
"2021-09-19","FEIRA DE SANTANA","8"
"2021-09-19","ACAILANDIA","5"
"2021-02-21","RIBEIRAO PRETO","3"
"2021-09-18","FEIRA DE SANTANA","81"
"2021-02-16","MARINGA","619"
"2021-03-15","RIBEIRAO PRETO","1310"
"2021-04-16","RIBEIRAO PRETO","2668"
"2021-07-17","SANTA MARIA","6308"
"2021-07-22","JUNDIAI","3412"
"2021-04-27","JUNDIAI","898"
"2021-04-02","RIBEIRAO PRETO","2274"
"2021-07-07","MARINGA","3269"
"2021-06-07","MARINGA","1562"
"2021-04-19","FEIRA DE SANTANA","864"
"2021-08-12","MARINGA","1854"
"2021-07-29","SANTA LUZIA","767"
"2021-02-25","FEIRA DE SANTANA","240"
"2021-07-16","SANTA LUZIA","782"
"2021-09-21","SANTA MARIA","2514"
"2021-02-22","DIVINOPOLIS","333"
"2021-08-14","SANTA LUZIA","319"
"2021-06-22","PETROLINA","363"
"2021-07-04","SANTA MARIA","25"
"2021-09-09","JUNDIAI","3891"
"2021-05-16","SANTA LUZIA","3"
"2021-09-07","ACAILANDIA","7"
"2021-07-15","NITEROI","4433"
"2021-03-03","NITEROI","2614"
"2021-04-10","MARINGA","2200"
"2021-07-29","FEIRA DE SANTANA","1787"
"2021-06-23","PETROLINA","348"
"2021-07-06","DIVINOPOLIS","1374"
"2021-07-20","DIVINOPOLIS","1079"
"2021-08-06","ACAILANDIA","329"
"2021-07-13","JUNDIAI","1027"
"2021-03-09","FEIRA DE SANTANA","403"
"2021-07-11","DIVINOPOLIS","5"
"2021-01-19","SANTA LUZIA","48"
"2021-10-04","DIVINOPOLIS","2"
"2021-08-14","ACAILANDIA","100"
"2021-03-09","ACAILANDIA","10"
"2021-02-01","DIVINOPOLIS","18"
"2021-05-23","SANTA MARIA","5"
"2021-10-08","JUNDIAI","11"
"2021-10-01","NITEROI","3555"
"2021-07-20","JUNDIAI","2703"
"2021-08-23","DIVINOPOLIS","1343"
"2021-08-19","DIVINOPOLIS","1248"
"2021-07-19","JUNDIAI","1279"
"2021-06-19","MARINGA","762"
"2021-07-28","FEIRA DE SANTANA","1758"
"2021-05-01","SANTA MARIA","4205"
"2021-05-22","FEIRA DE SANTANA","1063"
"2021-04-29","FEIRA DE SANTANA","1438"
"2021-05-05","PETROLINA","400"
"2021-03-27","NITEROI","679"
"2021-04-24","SANTA MARIA","1373"
"2021-03-10","FEIRA DE SANTANA","417"
"2021-05-19","RIBEIRAO PRETO","1557"
"2021-03-08","SANTA MARIA","328"
"2021-02-18","FEIRA DE SANTANA","812"
"2021-05-21","ACAILANDIA","110"
"2021-05-22","SANTA LUZIA","33"
"2021-09-02","ACAILANDIA","477"
"2021-08-20","ACAILANDIA","1118"
"2021-09-22","PETROLINA","157"
"2021-07-03","ACAILANDIA","16"
"2021-08-15","SANTA LUZIA","22"
"2021-05-16","FEIRA DE SANTANA","24"
"2021-01-24","ACAILANDIA","10"
"2021-10-16","RIBEIRAO PRETO","3"
"2021-08-22","ACAILANDIA","4"
"2021-08-01","ACAILANDIA","3"
"2021-02-22","NITEROI","1248"
"2021-06-23","NITEROI","6524"
"2021-08-09","NITEROI","9361"
"2021-08-14","NITEROI","1018"
"2021-08-19","SANTA MARIA","2161"
"2021-03-20","PETROLINA","1154"
"2021-02-09","SANTA MARIA","662"
"2021-04-26","RIBEIRAO PRETO","2082"
"2021-07-23","DIVINOPOLIS","1041"
"2021-08-03","SANTA MARIA","3039"
"2021-05-05","SANTA LUZIA","797"
"2021-07-10","DIVINOPOLIS","978"
"2021-07-28","SANTA LUZIA","806"
"2021-01-23","SANTA MARIA","206"
"2021-09-06","SANTA MARIA","1672"
"2021-03-09","SANTA LUZIA","135"
"2021-04-12","MARINGA","282"
"2021-03-07","ACAILANDIA","6"
"2021-05-04","ACAILANDIA","147"
"2021-04-26","DIVINOPOLIS","42"
"2021-01-19","SANTA MARIA","36"
"2021-03-01","SANTA LUZIA","136"
"2021-02-23","JUNDIAI","66"
"2021-08-15","PETROLINA","638"
"2021-08-15","FEIRA DE SANTANA","79"
"2021-09-06","DIVINOPOLIS","895"
"2021-07-21","NITEROI","6745"
"2021-10-08","NITEROI","3979"
"2021-08-13","SANTA LUZIA","1594"
"2021-03-31","ACAILANDIA","249"
"2021-06-09","SANTA LUZIA","902"
"2021-08-10","SANTA MARIA","5607"
"2021-04-14","PETROLINA","355"
"2021-03-06","JUNDIAI","1378"
"2021-08-12","FEIRA DE SANTANA","1876"
"2021-05-10","SANTA MARIA","273"
"2021-01-27","SANTA MARIA","413"
"2021-01-25","JUNDIAI","207"
"2021-02-26","RIBEIRAO PRETO","235"
"2021-09-21","JUNDIAI","272"
"2021-04-11","JUNDIAI","23"
"2021-03-20","SANTA LUZIA","7"
"2021-01-19","DIVINOPOLIS","8"
"2021-05-23","ACAILANDIA","1"
"2021-05-19","NITEROI","3739"
"2021-07-21","SANTA LUZIA","908"
"2021-04-30","NITEROI","4741"
"2021-08-27","SANTA LUZIA","1225"
"2021-03-04","MARINGA","393"
"2021-06-15","FEIRA DE SANTANA","1616"
"2021-06-17","PETROLINA","1091"
"2021-03-25","JUNDIAI","207"
"2021-04-26","JUNDIAI","950"
"2021-05-31","MARINGA","831"
"2021-05-15","JUNDIAI","950"
"2021-06-11","FEIRA DE SANTANA","3343"
"2021-03-16","JUNDIAI","529"
"2021-03-19","PETROLINA","531"
"2021-04-13","MARINGA","655"
"2021-04-01","RIBEIRAO PRETO","118"
"2021-07-28","MARINGA","800"
"2021-03-11","RIBEIRAO PRETO","807"
"2021-07-19","SANTA MARIA","617"
"2021-06-03","PETROLINA","676"
"2021-03-19","MARINGA","884"
"2021-08-21","ACAILANDIA","42"
"2021-02-04","MARINGA","334"
"2021-01-20","JUNDIAI","53"
"2021-02-24","ACAILANDIA","29"
"2021-04-25","SANTA LUZIA","11"
"2021-01-28","ACAILANDIA","22"
"2021-05-07","NITEROI","5559"
"2021-01-22","NITEROI","2087"
"2021-08-20","MARINGA","1655"
"2021-04-13","PETROLINA","434"
"2021-06-08","FEIRA DE SANTANA","797"
"2021-05-17","RIBEIRAO PRETO","1441"
"2021-06-15","RIBEIRAO PRETO","1754"
"2021-03-26","FEIRA DE SANTANA","1113"
"2021-02-13","RIBEIRAO PRETO","101"
"2021-02-14","ACAILANDIA","4"
"2021-07-12","SANTA MARIA","589"
"2021-05-10","JUNDIAI","714"
"2021-09-03","JUNDIAI","2896"
"2021-05-08","ACAILANDIA","13"
"2021-09-30","DIVINOPOLIS","1"
"2021-07-18","ACAILANDIA","6"
"2021-09-12","DIVINOPOLIS","3"
"2021-04-02","NITEROI","5053"
"2021-09-15","NITEROI","7218"
"2021-08-23","FEIRA DE SANTANA","307"
"2021-08-19","PETROLINA","1281"
"2021-06-07","RIBEIRAO PRETO","1576"
"2021-04-23","RIBEIRAO PRETO","2942"
"2021-06-04","MARINGA","461"
"2021-07-10","MARINGA","1059"
"2021-04-28","ACAILANDIA","116"
"2021-07-10","SANTA LUZIA","146"
"2021-08-21","FEIRA DE SANTANA","110"
"2021-09-20","FEIRA DE SANTANA","155"
"2021-02-26","FEIRA DE SANTANA","202"
"2021-03-15","SANTA LUZIA","128"
"2021-03-24","RIBEIRAO PRETO","161"
"2021-09-08","MARINGA","3661"
"2021-09-10","FEIRA DE SANTANA","163"
"2021-03-26","ACAILANDIA","62"
"2021-01-31","SANTA LUZIA","12"
"2021-09-14","ACAILANDIA","732"
"2021-09-13","PETROLINA","1137"
"2021-01-31","PETROLINA","134"
"2021-02-05","ACAILANDIA","37"
"2021-07-18","FEIRA DE SANTANA","25"
"2021-05-30","SANTA LUZIA","7"
"2021-06-20","SANTA LUZIA","23"
"2021-05-23","NITEROI","8"
"2021-10-06","FEIRA DE SANTANA","3"
"2021-02-25","MARINGA","258"
"2021-06-10","JUNDIAI","1083"
"2021-07-05","RIBEIRAO PRETO","3578"
"2021-07-06","RIBEIRAO PRETO","2705"
"2021-06-02","JUNDIAI","805"
"2021-04-01","DIVINOPOLIS","794"
"2021-03-16","PETROLINA","77"
"2021-06-01","RIBEIRAO PRETO","1468"
"2021-03-05","DIVINOPOLIS","352"
"2021-08-03","RIBEIRAO PRETO","2998"
"2021-03-05","SANTA MARIA","1096"
"2021-05-19","DIVINOPOLIS","664"
"2021-05-18","SANTA LUZIA","757"
"2021-02-10","JUNDIAI","393"
"2021-10-14","MARINGA","4"
"2021-08-21","RIBEIRAO PRETO","180"
"2021-02-07","MARINGA","3"
"2021-03-28","SANTA LUZIA","3"
"2021-01-26","NITEROI","1829"
"2021-10-09","JUNDIAI","1"
"2021-02-04","RIBEIRAO PRETO","947"
"2021-07-13","SANTA LUZIA","2020"
"2021-04-20","MARINGA","2318"
"2021-03-18","FEIRA DE SANTANA","1762"
"2021-07-07","ACAILANDIA","284"
"2021-08-26","ACAILANDIA","213"
"2021-08-30","ACAILANDIA","275"
"2021-06-14","ACAILANDIA","261"
"2021-06-26","MARINGA","354"
"2021-02-19","DIVINOPOLIS","128"
"2021-07-18","JUNDIAI","127"
"2021-01-28","SANTA LUZIA","76"
"2021-07-25","JUNDIAI","47"
"2021-01-23","MARINGA","9"
"2021-04-18","RIBEIRAO PRETO","9"
"2021-05-02","JUNDIAI","15"
"2021-09-05","SANTA MARIA","3"
"2021-01-19","ACAILANDIA","1"
"2021-01-17","SANTA LUZIA","1"
"2021-06-03","NITEROI","3474"
"2021-05-06","RIBEIRAO PRETO","3395"
"2021-04-24","FEIRA DE SANTANA","2038"
"2021-05-27","ACAILANDIA","241"
"2021-02-02","FEIRA DE SANTANA","1626"
"2021-08-09","JUNDIAI","898"
"2021-03-12","FEIRA DE SANTANA","720"
"2021-05-04","MARINGA","647"
"2021-03-30","JUNDIAI","617"
"2021-02-23","FEIRA DE SANTANA","684"
"2021-02-19","RIBEIRAO PRETO","1136"
"2021-02-13","PETROLINA","219"
"2021-09-15","PETROLINA","1227"
"2021-02-08","FEIRA DE SANTANA","262"
"2021-02-26","ACAILANDIA","49"
"2021-07-04","FEIRA DE SANTANA","78"
"2021-02-14","NITEROI","27"
"2021-07-25","SANTA MARIA","19"
"2021-08-11","DIVINOPOLIS","940"
"2021-02-07","FEIRA DE SANTANA","9"
"2021-09-13","NITEROI","6908"
"2021-07-22","SANTA LUZIA","1300"
"2021-06-28","RIBEIRAO PRETO","3422"
"2021-07-22","PETROLINA","1323"
"2021-07-02","SANTA LUZIA","458"
"2021-06-30","JUNDIAI","1186"
"2021-08-05","PETROLINA","2454"
"2021-07-31","SANTA MARIA","1835"
"2021-02-13","SANTA LUZIA","50"
"2021-04-11","NITEROI","46"
"2021-09-29","MARINGA","11"
"2021-09-15","MARINGA","3562"
"2021-07-06","ACAILANDIA","121"
"2021-09-09","ACAILANDIA","1046"
"2021-04-02","MARINGA","20"
"2021-10-07","DIVINOPOLIS","4"
"2021-01-30","RIBEIRAO PRETO","298"
"2021-05-08","MARINGA","167"
"2021-03-04","PETROLINA","336"
"2021-02-09","DIVINOPOLIS","28"
"2021-05-23","MARINGA","12"
"2021-05-16","DIVINOPOLIS","4"
"2021-06-06","SANTA MARIA","7"
"2021-01-25","NITEROI","1349"
"2021-06-17","NITEROI","5070"
"2021-09-24","MARINGA","1643"
"2021-08-24","MARINGA","1924"
"2021-08-18","MARINGA","3201"
"2021-06-17","MARINGA","4117"
"2021-06-18","RIBEIRAO PRETO","4141"
"2021-06-26","JUNDIAI","2697"
"2021-06-09","JUNDIAI","715"
"2021-07-21","JUNDIAI","3120"
"2021-04-25","MARINGA","1291"
"2021-08-10","JUNDIAI","1796"
"2021-04-10","DIVINOPOLIS","560"
"2021-03-23","SANTA MARIA","2162"
"2021-03-05","RIBEIRAO PRETO","1078"
"2021-04-27","FEIRA DE SANTANA","1172"
"2021-02-11","PETROLINA","631"
"2021-04-20","ACAILANDIA","393"
"2021-09-27","SANTA LUZIA","11"
"2021-06-17","SANTA LUZIA","789"
"2021-06-20","MARINGA","74"
"2021-04-15","MARINGA","351"
"2021-01-20","RIBEIRAO PRETO","255"
"2021-05-12","ACAILANDIA","83"
"2021-02-01","MARINGA","236"
"2021-09-23","JUNDIAI","181"
"2021-10-14","JUNDIAI","7"
"2021-09-16","NITEROI","5958"
"2021-05-18","NITEROI","3153"
"2021-09-03","RIBEIRAO PRETO","5412"
"2021-06-24","JUNDIAI","2489"
"2021-07-12","FEIRA DE SANTANA","1912"
"2021-06-01","ACAILANDIA","976"
"2021-03-31","SANTA MARIA","693"
"2021-05-24","SANTA MARIA","742"
"2021-03-12","SANTA MARIA","308"
"2021-07-14","SANTA MARIA","1819"
"2021-03-03","FEIRA DE SANTANA","455"
"2021-05-22","ACAILANDIA","10"
"2021-05-11","PETROLINA","404"
"2021-07-11","ACAILANDIA","3"
"2021-09-06","SANTA LUZIA","705"
"2021-09-09","FEIRA DE SANTANA","243"
"2021-05-14","ACAILANDIA","117"
"2021-05-27","DIVINOPOLIS","113"
"2021-05-09","SANTA MARIA","5"
"2021-04-24","ACAILANDIA","15"
"2021-02-06","ACAILANDIA","13"
"2021-08-29","JUNDIAI","45"
"2021-09-07","FEIRA DE SANTANA","13"
"2021-05-16","MARINGA","6"
"2021-02-01","NITEROI","2383"
"2021-03-15","NITEROI","1312"
"2021-08-04","DIVINOPOLIS","1025"
"2021-08-18","SANTA LUZIA","1993"
"2021-07-09","SANTA MARIA","6018"
"2021-05-17","JUNDIAI","730"
"2021-03-10","DIVINOPOLIS","396"
"2021-06-22","FEIRA DE SANTANA","1939"
"2021-08-04","SANTA LUZIA","662"
"2021-01-27","PETROLINA","224"
"2021-01-27","MARINGA","408"
"2021-06-21","SANTA LUZIA","519"
"2021-03-01","DIVINOPOLIS","273"
"2021-02-17","SANTA MARIA","807"
"2021-08-22","FEIRA DE SANTANA","22"
"2021-06-16","DIVINOPOLIS","83"
"2021-02-27","PETROLINA","94"
"2021-08-18","DIVINOPOLIS","1342"
"2021-09-17","ACAILANDIA","669"
"2021-03-13","RIBEIRAO PRETO","22"
"2021-08-20","JUNDIAI","2235"
"2021-10-15","FEIRA DE SANTANA","3"
"2021-04-18","JUNDIAI","25"
"2021-03-21","JUNDIAI","12"
"2021-02-10","DIVINOPOLIS","36"
"2021-08-16","SANTA MARIA","1134"
"2021-08-21","SANTA MARIA","7845"
"2021-04-21","DIVINOPOLIS","436"
"2021-02-12","RIBEIRAO PRETO","1320"
"2021-01-23","JUNDIAI","179"
"2021-08-04","PETROLINA","1869"
"2021-08-03","ACAILANDIA","275"
"2021-08-18","PETROLINA","1129"
"2021-09-13","MARINGA","4091"
"2021-09-11","PETROLINA","712"
"2021-10-01","SANTA LUZIA","10"
"2021-02-13","MARINGA","15"
"2021-02-14","MARINGA","6"
"2021-08-15","RIBEIRAO PRETO","142"
"2021-03-23","ACAILANDIA","73"
"2021-04-02","PETROLINA","7"
"2021-02-28","DIVINOPOLIS","3"
"2021-04-15","NITEROI","2995"
"2021-06-25","NITEROI","4324"
"2021-08-02","PETROLINA","906"
"2021-05-13","JUNDIAI","1153"
"2021-07-05","FEIRA DE SANTANA","2362"
"2021-03-17","SANTA LUZIA","386"
"2021-06-22","SANTA MARIA","6621"
"2021-06-10","SANTA LUZIA","1212"
"2021-05-22","SANTA MARIA","3408"
"2021-04-26","MARINGA","4042"
"2021-04-16","FEIRA DE SANTANA","1211"
"2021-03-18","RIBEIRAO PRETO","851"
"2021-02-03","SANTA MARIA","303"
"2021-04-12","DIVINOPOLIS","769"
"2021-07-08","MARINGA","2195"
"2021-05-05","SANTA MARIA","548"
"2021-08-25","FEIRA DE SANTANA","191"
"2021-05-04","PETROLINA","452"
"2021-01-29","MARINGA","529"
"2021-04-29","DIVINOPOLIS","55"
"2021-10-02","JUNDIAI","6"
"2021-10-03","SANTA LUZIA","1"
"2021-05-02","SANTA LUZIA","4"
"2021-05-04","NITEROI","3784"
"2021-01-21","NITEROI","2331"
"2021-05-21","SANTA LUZIA","988"
"2021-07-14","DIVINOPOLIS","1104"
"2021-05-26","DIVINOPOLIS","625"
"2021-05-03","DIVINOPOLIS","567"
"2021-07-26","FEIRA DE SANTANA","256"
"2021-05-22","DIVINOPOLIS","522"
"2021-04-08","FEIRA DE SANTANA","536"
"2021-04-21","SANTA MARIA","140"
"2021-03-15","PETROLINA","112"
"2021-07-25","ACAILANDIA","6"
"2021-08-16","FEIRA DE SANTANA","449"
"2021-09-08","SANTA LUZIA","1221"
"2021-02-22","ACAILANDIA","53"
"2021-01-24","JUNDIAI","173"
"2021-09-13","SANTA LUZIA","1050"
"2021-09-08","PETROLINA","3836"
"2021-01-21","DIVINOPOLIS","48"
"2021-04-17","ACAILANDIA","39"
"2021-02-02","ACAILANDIA","16"
"2021-10-08","ACAILANDIA","1"
"2021-06-08","NITEROI","3405"
"2021-06-02","MARINGA","1517"
"2021-06-09","PETROLINA","816"
"2021-08-12","JUNDIAI","3156"
"2021-01-27","RIBEIRAO PRETO","742"
"2021-04-20","RIBEIRAO PRETO","2178"
"2021-07-14","PETROLINA","480"
"2021-07-11","JUNDIAI","84"
"2021-06-23","DIVINOPOLIS","795"
"2021-03-12","PETROLINA","104"
"2021-04-02","ACAILANDIA","43"
"2021-09-18","SANTA MARIA","2840"
"2021-06-01","DIVINOPOLIS","636"
"2021-01-26","SANTA LUZIA","127"
"2021-08-04","ACAILANDIA","173"
"2021-05-02","SANTA MARIA","13"
"2021-03-15","ACAILANDIA","17"
"2021-06-20","ACAILANDIA","19"
"2021-04-18","ACAILANDIA","3"
"2021-09-14","NITEROI","7704"
"2021-04-07","NITEROI","6517"
"2021-09-25","SANTA LUZIA","15"
"2021-08-06","SANTA MARIA","2535"
"2021-08-05","FEIRA DE SANTANA","1384"
"2021-04-23","MARINGA","10781"
"2021-05-10","RIBEIRAO PRETO","3389"
"2021-01-22","PETROLINA","134"
"2021-04-06","ACAILANDIA","236"
"2021-06-21","ACAILANDIA","357"
"2021-06-30","PETROLINA","339"
"2021-02-11","SANTA LUZIA","502"
"2021-01-21","MARINGA","178"
"2021-03-04","FEIRA DE SANTANA","320"
"2021-02-15","DIVINOPOLIS","181"
"2021-01-20","DIVINOPOLIS","81"
"2021-03-23","JUNDIAI","550"
"2021-04-19","RIBEIRAO PRETO","236"
"2021-04-30","PETROLINA","402"
"2021-04-28","SANTA MARIA","432"
"2021-09-09","SANTA MARIA","4730"
"2021-09-14","DIVINOPOLIS","878"
"2021-02-13","JUNDIAI","110"
"2021-06-03","JUNDIAI","123"
"2021-04-29","PETROLINA","264"
"2021-06-05","RIBEIRAO PRETO","92"
"2021-05-17","ACAILANDIA","68"
"2021-10-14","SANTA LUZIA","1"
"2021-10-15","SANTA MARIA","8"
"2021-09-19","RIBEIRAO PRETO","12"
"2021-02-05","NITEROI","1109"
"2021-06-07","SANTA LUZIA","1214"
"2021-05-14","JUNDIAI","1328"
"2021-06-10","RIBEIRAO PRETO","1734"
"2021-07-15","JUNDIAI","2751"
"2021-03-16","DIVINOPOLIS","387"
"2021-07-15","FEIRA DE SANTANA","463"
"2021-03-09","PETROLINA","172"
"2021-05-24","PETROLINA","971"
"2021-06-05","SANTA MARIA","898"
"2021-03-10","PETROLINA","182"
"2021-08-29","RIBEIRAO PRETO","18"
"2021-09-19","SANTA MARIA","9"
"2021-03-28","ACAILANDIA","4"
"2021-06-06","FEIRA DE SANTANA","18"
"2021-02-21","JUNDIAI","2"
"2021-04-13","NITEROI","5448"
"2021-03-05","NITEROI","3431"
"2021-06-02","PETROLINA","528"
"2021-05-31","PETROLINA","463"
"2021-06-21","MARINGA","1754"
"2021-03-24","SANTA MARIA","9491"
"2021-06-03","RIBEIRAO PRETO","106"
"2021-07-02","PETROLINA","1064"
"2021-03-15","MARINGA","753"
"2021-03-04","DIVINOPOLIS","410"
"2021-02-22","FEIRA DE SANTANA","185"
"2021-03-03","SANTA MARIA","1115"
"2021-06-15","ACAILANDIA","379"
"2021-09-15","SANTA LUZIA","859"
"2021-10-08","FEIRA DE SANTANA","14"
"2021-04-08","ACAILANDIA","321"
"2021-09-28","DIVINOPOLIS","7"
"2021-09-02","RIBEIRAO PRETO","8164"
"2021-09-29","FEIRA DE SANTANA","11"
"2021-09-29","ACAILANDIA","1"
"2021-01-19","JUNDIAI","17"
"2021-09-12","MARINGA","24"
"2021-02-21","PETROLINA","3"
"2021-04-22","NITEROI","6058"
"2021-03-04","NITEROI","4015"
"2021-08-05","NITEROI","4040"
"2021-01-29","NITEROI","2525"
"2021-08-05","DIVINOPOLIS","1440"
"2021-08-28","SANTA MARIA","134"
"2021-04-23","FEIRA DE SANTANA","1217"
"2021-06-05","JUNDIAI","2214"
"2021-05-08","FEIRA DE SANTANA","565"
"2021-05-07","SANTA MARIA","489"
"2021-03-09","JUNDIAI","418"
"2021-07-08","SANTA LUZIA","776"
"2021-07-24","DIVINOPOLIS","1064"
"2021-03-31","RIBEIRAO PRETO","972"
"2021-08-11","SANTA MARIA","3820"
"2021-02-24","FEIRA DE SANTANA","220"
"2021-06-04","SANTA LUZIA","778"
"2021-07-08","PETROLINA","612"
"2021-08-31","SANTA LUZIA","1781"
"2021-05-20","FEIRA DE SANTANA","485"
"2021-04-23","ACAILANDIA","79"
"2021-02-17","FEIRA DE SANTANA","349"
"2021-08-16","ACAILANDIA","195"
"2021-10-05","SANTA MARIA","4"
